origin_date,target_date,horizon_months,maturity_months,maturity_series,forecast_yield_pct,model,actual_yield_pct,error,absolute_error,squared_error
2023-12-31,2024-01-31,1,12,DGS1,4.706849390118832,AR,4.73,-0.023150609881168016,0.023150609881168016,0.0005359507378700342
2023-12-31,2024-01-31,1,12,DGS1,4.79,Random Walk,4.73,0.05999999999999961,0.05999999999999961,0.003599999999999953
2023-12-31,2024-01-31,1,12,DGS1,4.67120785838057,VAR,4.73,-0.05879214161943036,0.05879214161943036,0.0034565159161991555
2023-12-31,2024-01-31,1,12,DGS1,4.58168835827751,VAR+Macro,4.73,-0.14831164172249078,0.14831164172249078,0.02199634307042047
2024-01-31,2024-02-29,1,12,DGS1,4.675685649132929,AR,5.01,-0.3343143508670705,0.3343143508670705,0.11176608519567073
2024-01-31,2024-02-29,1,12,DGS1,4.73,Random Walk,5.01,-0.27999999999999936,0.27999999999999936,0.07839999999999964
2024-01-31,2024-02-29,1,12,DGS1,4.64777222063183,VAR,5.01,-0.36222777936816986,0.36222777936816986,0.13120896414599553
2024-01-31,2024-02-29,1,12,DGS1,4.55571484462414,VAR+Macro,5.01,-0.45428515537586023,0.45428515537586023,0.20637500239486947
2024-02-29,2024-03-31,1,12,DGS1,4.917626029362603,AR,5.03,-0.11237397063739696,0.11237397063739696,0.012627909276814554
2024-02-29,2024-03-31,1,12,DGS1,5.01,Random Walk,5.03,-0.020000000000000462,0.020000000000000462,0.00040000000000001845
2024-02-29,2024-03-31,1,12,DGS1,4.96613075055057,VAR,5.03,-0.0638692494494304,0.0638692494494304,0.004079281025233565
2024-02-29,2024-03-31,1,12,DGS1,4.87908837370382,VAR+Macro,5.03,-0.15091162629618005,0.15091162629618005,0.0227743189513579
2024-03-31,2024-04-30,1,12,DGS1,4.928121437973449,AR,5.25,-0.3218785620265514,0.3218785620265514,0.1036058086922805
2024-03-31,2024-04-30,1,12,DGS1,5.03,Random Walk,5.25,-0.21999999999999975,0.21999999999999975,0.04839999999999989
2024-03-31,2024-04-30,1,12,DGS1,4.96521009816691,VAR,5.25,-0.28478990183308994,0.28478990183308994,0.08110528818610101
2024-03-31,2024-04-30,1,12,DGS1,4.90594060309308,VAR+Macro,5.25,-0.34405939690692033,0.34405939690692033,0.11837686859995374
2024-04-30,2024-05-31,1,12,DGS1,5.1476935265773065,AR,5.18,-0.032306473422693216,0.032306473422693216,0.001043708225011183
2024-04-30,2024-05-31,1,12,DGS1,5.25,Random Walk,5.18,0.07000000000000028,0.07000000000000028,0.00490000000000004
2024-04-30,2024-05-31,1,12,DGS1,5.26269044600796,VAR,5.18,0.08269044600796072,0.08269044600796072,0.006837709860995467
2024-04-30,2024-05-31,1,12,DGS1,5.18306504879738,VAR+Macro,5.18,0.003065048797380676,0.003065048797380676,9.394524130324728e-06
2024-05-31,2024-06-30,1,12,DGS1,5.067826049578581,AR,5.09,-0.022173950421418454,0.022173950421418454,0.0004916840772915236
2024-05-31,2024-06-30,1,12,DGS1,5.18,Random Walk,5.09,0.08999999999999986,0.08999999999999986,0.008099999999999975
2024-05-31,2024-06-30,1,12,DGS1,5.15163437432308,VAR,5.09,0.06163437432307983,0.06163437432307983,0.0037987960981975227
2024-05-31,2024-06-30,1,12,DGS1,5.08203254341636,VAR+Macro,5.09,-0.007967456583640065,0.007967456583640065,6.348036441218941e-05
2024-06-30,2024-07-31,1,12,DGS1,4.966882454333019,AR,4.73,0.2368824543330188,0.2368824543330188,0.056113297170834735
2024-06-30,2024-07-31,1,12,DGS1,5.09,Random Walk,4.73,0.35999999999999943,0.35999999999999943,0.1295999999999996
2024-06-30,2024-07-31,1,12,DGS1,5.018930306636,VAR,4.73,0.28893030663599983,0.28893030663599983,0.0834807220927729
2024-06-30,2024-07-31,1,12,DGS1,4.95152563541789,VAR+Macro,4.73,0.2215256354178896,0.2215256354178896,0.04907360714729975
2024-07-31,2024-08-31,1,12,DGS1,4.666159501688726,AR,4.38,0.2861595016887257,0.2861595016887257,0.08188726040673983
2024-07-31,2024-08-31,1,12,DGS1,4.73,Random Walk,4.38,0.35000000000000053,0.35000000000000053,0.12250000000000037
2024-07-31,2024-08-31,1,12,DGS1,4.64868968527854,VAR,4.38,0.26868968527853987,0.26868968527853987,0.07219414697508081
2024-07-31,2024-08-31,1,12,DGS1,4.58337073280816,VAR+Macro,4.38,0.20337073280816043,0.20337073280816043,0.04135965496292818
2024-08-31,2024-09-30,1,12,DGS1,4.363116546454419,AR,3.98,0.3831165464544193,0.3831165464544193,0.1467782881671612
2024-08-31,2024-09-30,1,12,DGS1,4.38,Random Walk,3.98,0.3999999999999999,0.3999999999999999,0.15999999999999992
2024-08-31,2024-09-30,1,12,DGS1,4.30648157249876,VAR,3.98,0.3264815724987602,0.3264815724987602,0.10659021718126321
2024-08-31,2024-09-30,1,12,DGS1,4.19837911743819,VAR+Macro,3.98,0.21837911743818994,0.21837911743818994,0.04768943893308275
2024-09-30,2024-10-31,1,12,DGS1,3.975632355602547,AR,4.27,-0.29436764439745255,0.29436764439745255,0.08665231006810509
2024-09-30,2024-10-31,1,12,DGS1,3.98,Random Walk,4.27,-0.2899999999999996,0.2899999999999996,0.08409999999999976
2024-09-30,2024-10-31,1,12,DGS1,3.92959501925879,VAR,4.27,-0.3404049807412095,0.3404049807412095,0.11587555091342322
2024-09-30,2024-10-31,1,12,DGS1,3.81350537578463,VAR+Macro,4.27,-0.4564946242153698,0.4564946242153698,0.2083873419375317
2024-10-31,2024-11-30,1,12,DGS1,4.232473837736798,AR,4.3,-0.06752616226320196,0.06752616226320196,0.00455978258999628
2024-10-31,2024-11-30,1,12,DGS1,4.27,Random Walk,4.3,-0.03000000000000025,0.03000000000000025,0.0009000000000000149
2024-10-31,2024-11-30,1,12,DGS1,4.28737847515194,VAR,4.3,-0.012621524848059451,0.012621524848059451,0.00015930288949018214
2024-10-31,2024-11-30,1,12,DGS1,4.1489223143567,VAR+Macro,4.3,-0.15107768564330026,0.15107768564330026,0.022824467099335853
2024-11-30,2024-12-31,1,12,DGS1,4.2185086573851285,AR,4.16,0.05850865738512834,0.05850865738512834,0.0034232629890103327
2024-11-30,2024-12-31,1,12,DGS1,4.3,Random Walk,4.16,0.13999999999999968,0.13999999999999968,0.01959999999999991
2024-11-30,2024-12-31,1,12,DGS1,4.27514619168735,VAR,4.16,0.11514619168734974,0.11514619168734974,0.01325864546009989
2024-11-30,2024-12-31,1,12,DGS1,4.1908514443539,VAR+Macro,4.16,0.030851444353899637,0.030851444353899637,0.0009518116187217658
2024-12-31,2025-01-31,1,12,DGS1,4.147582968111595,AR,4.17,-0.022417031888404715,0.022417031888404715,0.0005025233186857538
2024-12-31,2025-01-31,1,12,DGS1,4.16,Random Walk,4.17,-0.009999999999999787,0.009999999999999787,9.999999999999574e-05
2024-12-31,2025-01-31,1,12,DGS1,4.23490008628637,VAR,4.17,0.06490008628636978,0.06490008628636978,0.004212021199978243
2024-12-31,2025-01-31,1,12,DGS1,4.15225167334696,VAR+Macro,4.17,-0.017748326653039825,0.017748326653039825,0.0003150030989830039
2025-01-31,2025-02-28,1,12,DGS1,4.134400484009844,AR,4.08,0.054400484009843986,0.054400484009843986,0.0029594126605052913
2025-01-31,2025-02-28,1,12,DGS1,4.17,Random Walk,4.08,0.08999999999999986,0.08999999999999986,0.008099999999999975
2025-01-31,2025-02-28,1,12,DGS1,4.2168055524945,VAR,4.08,0.13680555249449977,0.13680555249449977,0.018715759193325333
2025-01-31,2025-02-28,1,12,DGS1,4.14074903755107,VAR+Macro,4.08,0.060749037551070195,0.060749037551070195,0.0036904455633813365
2025-02-28,2025-03-31,1,12,DGS1,4.019981171435495,AR,4.03,-0.010018828564505533,0.010018828564505533,0.000100376925804952
2025-02-28,2025-03-31,1,12,DGS1,4.08,Random Walk,4.03,0.04999999999999982,0.04999999999999982,0.0024999999999999823
2025-02-28,2025-03-31,1,12,DGS1,4.06973927018838,VAR,4.03,0.03973927018838008,0.03973927018838008,0.001579209595105074
2025-02-28,2025-03-31,1,12,DGS1,4.00321691295251,VAR+Macro,4.03,-0.026783087047490106,0.026783087047490106,0.0007173337517934323
2025-03-31,2025-04-30,1,12,DGS1,3.953097867290392,AR,3.85,0.10309786729039194,0.10309786729039194,0.01062917023982727
2025-03-31,2025-04-30,1,12,DGS1,4.03,Random Walk,3.85,0.18000000000000016,0.18000000000000016,0.03240000000000006
2025-03-31,2025-04-30,1,12,DGS1,3.97918041277413,VAR,3.85,0.12918041277412984,0.12918041277412984,0.01668757904449457
2025-03-31,2025-04-30,1,12,DGS1,3.91385287128161,VAR+Macro,3.85,0.06385287128160977,0.06385287128160977,0.004077189170905825
2025-04-30,2025-05-31,1,12,DGS1,3.765590212044744,AR,4.11,-0.34440978795525634,0.34440978795525634,0.11861810203938464
2025-04-30,2025-05-31,1,12,DGS1,3.85,Random Walk,4.11,-0.26000000000000023,0.26000000000000023,0.06760000000000012
2025-04-30,2025-05-31,1,12,DGS1,3.73088765495114,VAR,4.11,-0.37911234504886027,0.37911234504886027,0.14372617016844608
2025-04-30,2025-05-31,1,12,DGS1,3.69125840323656,VAR+Macro,4.11,-0.41874159676344025,0.41874159676344025,0.1753445248599956
2025-05-31,2025-06-30,1,12,DGS1,3.969681270024166,AR,3.96,0.009681270024166189,0.009681270024166189,9.37269892808188e-05
2025-05-31,2025-06-30,1,12,DGS1,4.11,Random Walk,3.96,0.15000000000000036,0.15000000000000036,0.022500000000000107
2025-05-31,2025-06-30,1,12,DGS1,3.9665118121248,VAR,3.96,0.006511812124800009,0.006511812124800009,4.240369714869241e-05
2025-05-31,2025-06-30,1,12,DGS1,3.93927721056388,VAR+Macro,3.96,-0.02072278943612016,0.02072278943612016,0.0004294340020137733
2025-06-30,2025-07-31,1,12,DGS1,3.864983007627632,AR,4.1,-0.23501699237236773,0.23501699237236773,0.05523298670375355
2025-06-30,2025-07-31,1,12,DGS1,3.96,Random Walk,4.1,-0.13999999999999968,0.13999999999999968,0.01959999999999991
2025-06-30,2025-07-31,1,12,DGS1,3.83430576981013,VAR,4.1,-0.2656942301898697,0.2656942301898697,0.07059342395618746
2025-06-30,2025-07-31,1,12,DGS1,3.82701092993376,VAR+Macro,4.1,-0.27298907006623985,0.27298907006623985,0.0745230323756304
2025-07-31,2025-08-31,1,12,DGS1,3.983246601490603,AR,3.83,0.15324660149060287,0.15324660149060287,0.023484520868419647
2025-07-31,2025-08-31,1,12,DGS1,4.1,Random Walk,3.83,0.2699999999999996,0.2699999999999996,0.07289999999999977
2025-07-31,2025-08-31,1,12,DGS1,3.9864127594164,VAR,3.83,0.15641275941639998,0.15641275941639998,0.02446495130825262
2025-07-31,2025-08-31,1,12,DGS1,3.96884340040009,VAR+Macro,3.83,0.13884340040009002,0.13884340040009002,0.019277489834659718
2025-08-31,2025-09-30,1,12,DGS1,3.6766664864280743,AR,3.68,-0.0033335135719259057,0.0033335135719259057,1.111231273421421e-05
2025-08-31,2025-09-30,1,12,DGS1,3.83,Random Walk,3.68,0.1499999999999999,0.1499999999999999,0.022499999999999975
2025-08-31,2025-09-30,1,12,DGS1,3.63566018845631,VAR,3.68,-0.04433981154369038,0.04433981154369038,0.0019660188877299784
2025-08-31,2025-09-30,1,12,DGS1,3.6064361600915,VAR+Macro,3.68,-0.07356383990850013,0.07356383990850013,0.005411638542083436
2025-09-30,2025-10-31,1,12,DGS1,3.596020215723948,AR,3.7,-0.10397978427605237,0.10397978427605237,0.010811795538094388
2025-09-30,2025-10-31,1,12,DGS1,3.68,Random Walk,3.7,-0.020000000000000018,0.020000000000000018,0.0004000000000000007
2025-09-30,2025-10-31,1,12,DGS1,3.59327402278934,VAR,3.7,-0.10672597721066035,0.10672597721066035,0.011390434211570393
2025-09-30,2025-10-31,1,12,DGS1,3.55463141438083,VAR+Macro,3.7,-0.14536858561917,0.14536858561917,0.021132025684917954
2025-10-31,2025-11-30,1,12,DGS1,3.5666991558442134,AR,3.61,-0.0433008441557865,0.0433008441557865,0.00187496310460371
2025-10-31,2025-11-30,1,12,DGS1,3.7,Random Walk,3.61,0.0900000000000003,0.0900000000000003,0.008100000000000055
2025-10-31,2025-11-30,1,12,DGS1,3.57681979273366,VAR,3.61,-0.033180207266339856,0.033180207266339856,0.0011009261542372722
2025-11-30,2025-12-31,1,12,DGS1,3.4799969976994305,AR,3.48,-3.0023005694879146e-06,3.0023005694879146e-06,9.013808709547456e-12
2025-11-30,2025-12-31,1,12,DGS1,3.61,Random Walk,3.48,0.1299999999999999,0.1299999999999999,0.01689999999999997
2025-11-30,2025-12-31,1,12,DGS1,3.46901651919341,VAR,3.48,-0.010983480806590062,0.010983480806590062,0.00012063685062873229
2025-11-30,2025-12-31,1,12,DGS1,3.45242561868541,VAR+Macro,3.48,-0.027574381314590113,0.027574381314590113,0.0007603465048824163
2023-12-31,2024-01-31,1,24,DGS2,4.191118345300337,AR,4.27,-0.07888165469966246,0.07888165469966246,0.006222315448156781
2023-12-31,2024-01-31,1,24,DGS2,4.23,Random Walk,4.27,-0.03999999999999915,0.03999999999999915,0.0015999999999999318
2023-12-31,2024-01-31,1,24,DGS2,4.1479492227412,VAR,4.27,-0.12205077725879931,0.12205077725879931,0.014896392229477045
2023-12-31,2024-01-31,1,24,DGS2,4.05702237176308,VAR+Macro,4.27,-0.2129776282369198,0.2129776282369198,0.04535947012942362
2024-01-31,2024-02-29,1,24,DGS2,4.184086117724511,AR,4.64,-0.4559138822754889,0.4559138822754889,0.20785746805150834
2024-01-31,2024-02-29,1,24,DGS2,4.27,Random Walk,4.64,-0.3700000000000001,0.3700000000000001,0.13690000000000008
2024-01-31,2024-02-29,1,24,DGS2,4.14708311152017,VAR,4.64,-0.4929168884798294,0.4929168884798294,0.24296705894863657
2024-01-31,2024-02-29,1,24,DGS2,4.05463527530355,VAR+Macro,4.64,-0.5853647246964497,0.5853647246964497,0.3426518609189504
2024-02-29,2024-03-31,1,24,DGS2,4.541891595064251,AR,4.59,-0.04810840493574897,0.04810840493574897,0.002314418625461996
2024-02-29,2024-03-31,1,24,DGS2,4.64,Random Walk,4.59,0.04999999999999982,0.04999999999999982,0.0024999999999999823
2024-02-29,2024-03-31,1,24,DGS2,4.57174760783306,VAR,4.59,-0.01825239216694019,0.01825239216694019,0.0003331498198157796
2024-02-29,2024-03-31,1,24,DGS2,4.48803630256063,VAR+Macro,4.59,-0.10196369743936984,0.10196369743936984,0.010396595595507355
2024-03-31,2024-04-30,1,24,DGS2,4.519819521502611,AR,5.04,-0.5201804784973891,0.5201804784973891,0.2705877302097727
2024-03-31,2024-04-30,1,24,DGS2,4.59,Random Walk,5.04,-0.4500000000000002,0.4500000000000002,0.20250000000000015
2024-03-31,2024-04-30,1,24,DGS2,4.54176154178743,VAR,5.04,-0.49823845821256985,0.49823845821256985,0.24824156124203872
2024-03-31,2024-04-30,1,24,DGS2,4.48445580523941,VAR+Macro,5.04,-0.5555441947605901,0.5555441947605901,0.3086293523321925
2024-04-30,2024-05-31,1,24,DGS2,4.912759604402347,AR,4.89,0.022759604402347478,0.022759604402347478,0.0005179995925513547
2024-04-30,2024-05-31,1,24,DGS2,5.04,Random Walk,4.89,0.15000000000000036,0.15000000000000036,0.022500000000000107
2024-04-30,2024-05-31,1,24,DGS2,4.99584075567688,VAR,4.89,0.1058407556768799,0.1058407556768799,0.011202265562252983
2024-04-30,2024-05-31,1,24,DGS2,4.92186277960621,VAR+Macro,4.89,0.03186277960621009,0.03186277960621009,0.0010152367242339175
2024-05-31,2024-06-30,1,24,DGS2,4.76710436112092,AR,4.71,0.057104361120919656,0.057104361120919656,0.0032609080590284005
2024-05-31,2024-06-30,1,24,DGS2,4.89,Random Walk,4.71,0.17999999999999972,0.17999999999999972,0.0323999999999999
2024-05-31,2024-06-30,1,24,DGS2,4.82749552355568,VAR,4.71,0.1174955235556796,0.1174955235556796,0.01380519805562326
2024-05-31,2024-06-30,1,24,DGS2,4.76237180763084,VAR+Macro,4.71,0.05237180763084037,0.05237180763084037,0.0027428062345217497
2024-06-30,2024-07-31,1,24,DGS2,4.605483170981556,AR,4.29,0.31548317098155554,0.31548317098155554,0.0995296311725774
2024-06-30,2024-07-31,1,24,DGS2,4.71,Random Walk,4.29,0.41999999999999993,0.41999999999999993,0.17639999999999995
2024-06-30,2024-07-31,1,24,DGS2,4.64215901913271,VAR,4.29,0.35215901913270997,0.35215901913270997,0.12401597475651238
2024-06-30,2024-07-31,1,24,DGS2,4.57876184766026,VAR+Macro,4.29,0.28876184766026025,0.28876184766026025,0.08338340466416735
2024-07-31,2024-08-31,1,24,DGS2,4.198193353619726,AR,3.91,0.2881933536197261,0.2881933536197261,0.0830554090705845
2024-07-31,2024-08-31,1,24,DGS2,4.29,Random Walk,3.91,0.3799999999999999,0.3799999999999999,0.14439999999999992
2024-07-31,2024-08-31,1,24,DGS2,4.17940820733664,VAR,3.91,0.2694082073366397,0.2694082073366397,0.07258078218034186
2024-07-31,2024-08-31,1,24,DGS2,4.11629660811615,VAR+Macro,3.91,0.20629660811614947,0.20629660811614947,0.04255829052022815
2024-08-31,2024-09-30,1,24,DGS2,3.8658471182741456,AR,3.66,0.20584711827414548,0.20584711827414548,0.04237303610177004
2024-08-31,2024-09-30,1,24,DGS2,3.91,Random Walk,3.66,0.25,0.25,0.0625
2024-08-31,2024-09-30,1,24,DGS2,3.81519112683823,VAR,3.66,0.15519112683823,0.15519112683823,0.02408428584931959
2024-08-31,2024-09-30,1,24,DGS2,3.70908799519893,VAR+Macro,3.66,0.049087995198930034,0.049087995198930034,0.0024096312726501782
2024-09-30,2024-10-31,1,24,DGS2,3.589743704830033,AR,4.16,-0.5702562951699672,0.5702562951699672,0.3251922421809768
2024-09-30,2024-10-31,1,24,DGS2,3.66,Random Walk,4.16,-0.5,0.5,0.25
2024-09-30,2024-10-31,1,24,DGS2,3.54790040923672,VAR,4.16,-0.6120995907632802,0.6120995907632802,0.3746659090125751
2024-09-30,2024-10-31,1,24,DGS2,3.43811688504544,VAR+Macro,4.16,-0.7218831149545601,0.7218831149545601,0.5211152316564986
2024-10-31,2024-11-30,1,24,DGS2,4.064720572948287,AR,4.13,-0.06527942705171252,0.06527942705171252,0.004261403596199857
2024-10-31,2024-11-30,1,24,DGS2,4.16,Random Walk,4.13,0.03000000000000025,0.03000000000000025,0.0009000000000000149
2024-10-31,2024-11-30,1,24,DGS2,4.09812351284656,VAR,4.13,-0.031876487153439825,0.031876487153439825,0.0010161104332434142
2024-10-31,2024-11-30,1,24,DGS2,3.97877281556735,VAR+Macro,4.13,-0.15122718443265004,0.15122718443265004,0.022869661311426752
2024-11-30,2024-12-31,1,24,DGS2,4.044158112195646,AR,4.25,-0.20584188780435397,0.20584188780435397,0.04237088277486025
2024-11-30,2024-12-31,1,24,DGS2,4.13,Random Walk,4.25,-0.1200000000000001,0.1200000000000001,0.014400000000000026
2024-11-30,2024-12-31,1,24,DGS2,4.0810138050108,VAR,4.25,-0.1689861949892002,0.1689861949892002,0.02855633409692799
2024-11-30,2024-12-31,1,24,DGS2,4.00801653696649,VAR+Macro,4.25,-0.2419834630335096,0.2419834630335096,0.0585559963816899
2024-12-31,2025-01-31,1,24,DGS2,4.131093061341649,AR,4.22,-0.08890693865835075,0.08890693865835075,0.007904443741599744
2024-12-31,2025-01-31,1,24,DGS2,4.25,Random Walk,4.22,0.03000000000000025,0.03000000000000025,0.0009000000000000149
2024-12-31,2025-01-31,1,24,DGS2,4.18428232456299,VAR,4.22,-0.03571767543700943,0.03571767543700943,0.001275752338623547
2024-12-31,2025-01-31,1,24,DGS2,4.11617085563359,VAR+Macro,4.22,-0.10382914436640966,0.10382914436640966,0.01078049121986074
2025-01-31,2025-02-28,1,24,DGS2,4.117517295227994,AR,3.99,0.12751729522799415,0.12751729522799415,0.01626066058226342
2025-01-31,2025-02-28,1,24,DGS2,4.22,Random Walk,3.99,0.22999999999999954,0.22999999999999954,0.05289999999999979
2025-01-31,2025-02-28,1,24,DGS2,4.16723792405098,VAR,3.99,0.1772379240509796,0.1772379240509796,0.03141328172190081
2025-01-31,2025-02-28,1,24,DGS2,4.10566789848781,VAR+Macro,3.99,0.11566789848780967,0.11566789848780967,0.013379062740586244
2025-02-28,2025-03-31,1,24,DGS2,3.898468139474328,AR,3.89,0.008468139474327785,0.008468139474327785,7.170938615666845e-05
2025-02-28,2025-03-31,1,24,DGS2,3.99,Random Walk,3.89,0.10000000000000009,0.10000000000000009,0.010000000000000018
2025-02-28,2025-03-31,1,24,DGS2,3.92877432153281,VAR,3.89,0.0387743215328098,0.0387743215328098,0.0015034480103297174
2025-02-28,2025-03-31,1,24,DGS2,3.87305037680015,VAR+Macro,3.89,-0.016949623199850272,0.016949623199850272,0.0002872897266169026
2025-03-31,2025-04-30,1,24,DGS2,3.797615546676224,AR,3.6,0.19761554667622372,0.19761554667622372,0.03905190428814276
2025-03-31,2025-04-30,1,24,DGS2,3.89,Random Walk,3.6,0.29000000000000004,0.29000000000000004,0.08410000000000002
2025-03-31,2025-04-30,1,24,DGS2,3.80954717565263,VAR,3.6,0.20954717565262992,0.20954717565262992,0.04391001882399414
2025-03-31,2025-04-30,1,24,DGS2,3.7537906113928,VAR+Macro,3.6,0.15379061139279981,0.15379061139279981,0.023651552152571167
2025-04-30,2025-05-31,1,24,DGS2,3.512332959836642,AR,3.89,-0.37766704016335817,0.37766704016335817,0.14263239322575158
2025-04-30,2025-05-31,1,24,DGS2,3.6,Random Walk,3.89,-0.29000000000000004,0.29000000000000004,0.08410000000000002
2025-04-30,2025-05-31,1,24,DGS2,3.47718208479498,VAR,3.89,-0.4128179152050202,0.4128179152050202,0.17041863111421926
2025-04-30,2025-05-31,1,24,DGS2,3.4434159086258,VAR+Macro,3.89,-0.4465840913742003,0.4465840913742003,0.19943735066852009
2025-05-31,2025-06-30,1,24,DGS2,3.7779588121413914,AR,3.72,0.0579588121413912,0.0579588121413912,0.0033592239048410764
2025-05-31,2025-06-30,1,24,DGS2,3.89,Random Walk,3.72,0.16999999999999993,0.16999999999999993,0.028899999999999974
2025-05-31,2025-06-30,1,24,DGS2,3.76450234216015,VAR,3.72,0.04450234216014959,0.04450234216014959,0.0019804584577390277
2025-05-31,2025-06-30,1,24,DGS2,3.74065512668732,VAR+Macro,3.72,0.020655126687319836,0.020655126687319836,0.0004266342584692321
2025-06-30,2025-07-31,1,24,DGS2,3.604785630033124,AR,3.94,-0.3352143699668759,0.3352143699668759,0.11236867383228957
2025-06-30,2025-07-31,1,24,DGS2,3.72,Random Walk,3.94,-0.21999999999999975,0.21999999999999975,0.04839999999999989
2025-06-30,2025-07-31,1,24,DGS2,3.57268249563263,VAR,3.94,-0.36731750436737,0.36731750436737,0.13492214901467287
2025-06-30,2025-07-31,1,24,DGS2,3.56703422410032,VAR+Macro,3.94,-0.37296577589967983,0.37296577589967983,0.13910346999245018
2025-07-31,2025-08-31,1,24,DGS2,3.792487108461761,AR,3.59,0.202487108461761,0.202487108461761,0.04100102909320496
2025-07-31,2025-08-31,1,24,DGS2,3.94,Random Walk,3.59,0.3500000000000001,0.3500000000000001,0.12250000000000007
2025-07-31,2025-08-31,1,24,DGS2,3.78515840639196,VAR,3.59,0.19515840639196025,0.19515840639196025,0.03808680358544951
2025-07-31,2025-08-31,1,24,DGS2,3.77036124414479,VAR+Macro,3.59,0.18036124414479016,0.18036124414479016,0.0325301783894566
2025-08-31,2025-09-30,1,24,DGS2,3.4487998187579287,AR,3.6,-0.15120018124207135,0.15120018124207135,0.022861494807635226
2025-08-31,2025-09-30,1,24,DGS2,3.59,Random Walk,3.6,-0.010000000000000231,0.010000000000000231,0.00010000000000000461
2025-08-31,2025-09-30,1,24,DGS2,3.40706381456364,VAR,3.6,-0.19293618543636004,0.19293618543636004,0.03722437165073351
2025-08-31,2025-09-30,1,24,DGS2,3.38501380892344,VAR+Macro,3.6,-0.21498619107656003,0.21498619107656003,0.046219062353607177
2025-09-30,2025-10-31,1,24,DGS2,3.4606142146533614,AR,3.6,-0.1393857853466387,0.1393857853466387,0.01942839715669924
2025-09-30,2025-10-31,1,24,DGS2,3.6,Random Walk,3.6,0.0,0.0,0.0
2025-09-30,2025-10-31,1,24,DGS2,3.44903716379845,VAR,3.6,-0.15096283620155004,0.15096283620155004,0.022789777914016027
2025-09-30,2025-10-31,1,24,DGS2,3.41941058283606,VAR+Macro,3.6,-0.18058941716394017,0.18058941716394017,0.03261253759161161
2025-10-31,2025-11-30,1,24,DGS2,3.45922131172233,AR,3.47,-0.010778688277670145,0.010778688277670145,0.0001161801209871838
2025-10-31,2025-11-30,1,24,DGS2,3.6,Random Walk,3.47,0.1299999999999999,0.1299999999999999,0.01689999999999997
2025-10-31,2025-11-30,1,24,DGS2,3.45806157347878,VAR,3.47,-0.011938426521220347,0.011938426521220347,0.00014252602780257735
2025-11-30,2025-12-31,1,24,DGS2,3.334299725028058,AR,3.47,-0.13570027497194204,0.13570027497194204,0.01841456462746068
2025-11-30,2025-12-31,1,24,DGS2,3.47,Random Walk,3.47,0.0,0.0,0.0
2025-11-30,2025-12-31,1,24,DGS2,3.31815593905541,VAR,3.47,-0.15184406094459035,0.15184406094459035,0.02305661884414447
2025-11-30,2025-12-31,1,24,DGS2,3.30440045376035,VAR+Macro,3.47,-0.16559954623965023,0.16559954623965023,0.027423209714778053
2023-12-31,2024-01-31,1,120,DGS10,3.9429978269422223,AR,3.99,-0.047002173057777874,0.047002173057777874,0.0022092042721533
2023-12-31,2024-01-31,1,120,DGS10,3.88,Random Walk,3.99,-0.11000000000000032,0.11000000000000032,0.01210000000000007
2023-12-31,2024-01-31,1,120,DGS10,3.91515062981805,VAR,3.99,-0.07484937018195037,0.07484937018195037,0.005602428216634641
2023-12-31,2024-01-31,1,120,DGS10,3.83414364694008,VAR+Macro,3.99,-0.1558563530599204,0.1558563530599204,0.02429120278913856
2024-01-31,2024-02-29,1,120,DGS10,4.060017206738981,AR,4.25,-0.1899827932610192,0.1899827932610192,0.03609346173525916
2024-01-31,2024-02-29,1,120,DGS10,3.99,Random Walk,4.25,-0.2599999999999998,0.2599999999999998,0.06759999999999988
2024-01-31,2024-02-29,1,120,DGS10,4.0426395087195,VAR,4.25,-0.20736049128050027,0.20736049128050027,0.04299837334409043
2024-01-31,2024-02-29,1,120,DGS10,3.96464134275968,VAR+Macro,4.25,-0.28535865724031995,0.28535865724031995,0.0814295632619984
2024-02-29,2024-03-31,1,120,DGS10,4.305560283047934,AR,4.2,0.10556028304793408,0.10556028304793408,0.011142973357159958
2024-02-29,2024-03-31,1,120,DGS10,4.25,Random Walk,4.2,0.04999999999999982,0.04999999999999982,0.0024999999999999823
2024-02-29,2024-03-31,1,120,DGS10,4.32271872956254,VAR,4.2,0.12271872956254004,0.12271872956254004,0.015059886585443839
2024-02-29,2024-03-31,1,120,DGS10,4.25704043515633,VAR+Macro,4.2,0.057040435156329394,0.057040435156329394,0.0032536112428234185
2024-03-31,2024-04-30,1,120,DGS10,4.252702046901721,AR,4.69,-0.43729795309827946,0.43729795309827946,0.19122949978394502
2024-03-31,2024-04-30,1,120,DGS10,4.2,Random Walk,4.69,-0.4900000000000002,0.4900000000000002,0.2401000000000002
2024-03-31,2024-04-30,1,120,DGS10,4.265687789035,VAR,4.69,-0.4243122109650006,0.4243122109650006,0.1800408523740072
2024-03-31,2024-04-30,1,120,DGS10,4.21805776526374,VAR+Macro,4.69,-0.47194223473626007,0.47194223473626007,0.2227294729278552
2024-04-30,2024-05-31,1,120,DGS10,4.725288264282511,AR,4.51,0.21528826428251158,0.21528826428251158,0.04634903673777655
2024-04-30,2024-05-31,1,120,DGS10,4.69,Random Walk,4.51,0.1800000000000006,0.1800000000000006,0.03240000000000022
2024-04-30,2024-05-31,1,120,DGS10,4.77353007460068,VAR,4.51,0.26353007460068056,0.26353007460068056,0.06944810021904026
2024-04-30,2024-05-31,1,120,DGS10,4.71885501485142,VAR+Macro,4.51,0.20885501485142033,0.20885501485142033,0.043620417228587005
2024-05-31,2024-06-30,1,120,DGS10,4.554556206611389,AR,4.36,0.19455620661138884,0.19455620661138884,0.03785211753101342
2024-05-31,2024-06-30,1,120,DGS10,4.51,Random Walk,4.36,0.14999999999999947,0.14999999999999947,0.02249999999999984
2024-05-31,2024-06-30,1,120,DGS10,4.59094375174308,VAR,4.36,0.23094375174307924,0.23094375174307924,0.053335016469169015
2024-05-31,2024-06-30,1,120,DGS10,4.54396896803244,VAR+Macro,4.36,0.18396896803244012,0.18396896803244012,0.033844581198920975
2024-06-30,2024-07-31,1,120,DGS10,4.402207624043048,AR,4.09,0.31220762404304825,0.31220762404304825,0.09747360051060536
2024-06-30,2024-07-31,1,120,DGS10,4.36,Random Walk,4.09,0.27000000000000046,0.27000000000000046,0.07290000000000026
2024-06-30,2024-07-31,1,120,DGS10,4.42702507237984,VAR,4.09,0.3370250723798405,0.3370250723798405,0.1135858994126367
2024-06-30,2024-07-31,1,120,DGS10,4.38350024413576,VAR+Macro,4.09,0.29350024413576037,0.29350024413576037,0.08614239330775093
2024-07-31,2024-08-31,1,120,DGS10,4.150885530119934,AR,3.91,0.2408855301199342,0.2408855301199342,0.05802583862116172
2024-07-31,2024-08-31,1,120,DGS10,4.09,Random Walk,3.91,0.17999999999999972,0.17999999999999972,0.0323999999999999
2024-07-31,2024-08-31,1,120,DGS10,4.15057839065605,VAR,3.91,0.2405783906560499,0.2405783906560499,0.057877962050654964
2024-07-31,2024-08-31,1,120,DGS10,4.09690671026106,VAR+Macro,3.91,0.1869067102610602,0.1869067102610602,0.03493411834061191
2024-08-31,2024-09-30,1,120,DGS10,3.960944330321754,AR,3.81,0.15094433032175392,0.15094433032175392,0.02278419085628276
2024-08-31,2024-09-30,1,120,DGS10,3.91,Random Walk,3.81,0.10000000000000009,0.10000000000000009,0.010000000000000018
2024-08-31,2024-09-30,1,120,DGS10,3.94530511136014,VAR,3.81,0.13530511136014,0.13530511136014,0.018307473160179888
2024-08-31,2024-09-30,1,120,DGS10,3.84866201009962,VAR+Macro,3.81,0.03866201009961978,0.03866201009961978,0.001494751024943102
2024-09-30,2024-10-31,1,120,DGS10,3.861239710706912,AR,4.28,-0.4187602892930884,0.4187602892930884,0.17536017988883107
2024-09-30,2024-10-31,1,120,DGS10,3.81,Random Walk,4.28,-0.4700000000000002,0.4700000000000002,0.22090000000000018
2024-09-30,2024-10-31,1,120,DGS10,3.84844222682852,VAR,4.28,-0.43155777317148036,0.43155777317148036,0.1862421115847269
2024-09-30,2024-10-31,1,120,DGS10,3.75539149109018,VAR+Macro,4.28,-0.5246085089098202,0.5246085089098202,0.27521408762058497
2024-10-31,2024-11-30,1,120,DGS10,4.305659422309474,AR,4.18,0.12565942230947424,0.12565942230947424,0.015790290415150794
2024-10-31,2024-11-30,1,120,DGS10,4.28,Random Walk,4.18,0.10000000000000053,0.10000000000000053,0.010000000000000106
2024-10-31,2024-11-30,1,120,DGS10,4.32600250707106,VAR,4.18,0.14600250707106,0.14600250707106,0.021316732071034922
2024-10-31,2024-11-30,1,120,DGS10,4.22850472010025,VAR+Macro,4.18,0.048504720100249976,0.048504720100249976,0.0023527078720035942
2024-11-30,2024-12-31,1,120,DGS10,4.203235560468855,AR,4.58,-0.37676443953114536,0.37676443953114536,0.14195144289521808
2024-11-30,2024-12-31,1,120,DGS10,4.18,Random Walk,4.58,-0.40000000000000036,0.40000000000000036,0.16000000000000028
2024-11-30,2024-12-31,1,120,DGS10,4.22449967273139,VAR,4.58,-0.3555003272686097,0.3555003272686097,0.1263804826880886
2024-11-30,2024-12-31,1,120,DGS10,4.16833651545342,VAR+Macro,4.58,-0.41166348454657964,0.41166348454657964,0.16946682450903203
2024-12-31,2025-01-31,1,120,DGS10,4.580676297767165,AR,4.58,0.0006762977671650461,0.0006762977671650461,4.5737866987242686e-07
2024-12-31,2025-01-31,1,120,DGS10,4.58,Random Walk,4.58,0.0,0.0,0.0
2024-12-31,2025-01-31,1,120,DGS10,4.6082257227792,VAR,4.58,0.02822572277919999,0.02822572277919999,0.0007966914264082493
2024-12-31,2025-01-31,1,120,DGS10,4.55900517433555,VAR+Macro,4.58,-0.020994825664449657,0.020994825664449657,0.00044078270468063396
2025-01-31,2025-02-28,1,120,DGS10,4.593535755003023,AR,4.24,0.3535357550030227,0.3535357550030227,0.1249875300655573
2025-01-31,2025-02-28,1,120,DGS10,4.58,Random Walk,4.24,0.33999999999999986,0.33999999999999986,0.1155999999999999
2025-01-31,2025-02-28,1,120,DGS10,4.61977657069413,VAR,4.24,0.37977657069412984,0.37977657069412984,0.1442302436481934
2025-01-31,2025-02-28,1,120,DGS10,4.57361778817191,VAR+Macro,4.24,0.33361778817190935,0.33361778817190935,0.11130082858471697
2025-02-28,2025-03-31,1,120,DGS10,4.26905153490393,AR,4.23,0.03905153490392976,0.03905153490392976,0.0015250223783528445
2025-02-28,2025-03-31,1,120,DGS10,4.24,Random Walk,4.23,0.009999999999999787,0.009999999999999787,9.999999999999574e-05
2025-02-28,2025-03-31,1,120,DGS10,4.2878600191352,VAR,4.23,0.05786001913519989,0.05786001913519989,0.0033477818143256978
2025-02-28,2025-03-31,1,120,DGS10,4.24608444424692,VAR+Macro,4.23,0.01608444424691946,0.01608444424691946,0.0002587093467322605
2025-03-31,2025-04-30,1,120,DGS10,4.278141907806522,AR,4.17,0.10814190780652222,0.10814190780652222,0.011694672224034352
2025-03-31,2025-04-30,1,120,DGS10,4.23,Random Walk,4.17,0.0600000000000005,0.0600000000000005,0.0036000000000000597
2025-03-31,2025-04-30,1,120,DGS10,4.28997162711815,VAR,4.17,0.1199716271181499,0.1199716271181499,0.0143931913133764
2025-03-31,2025-04-30,1,120,DGS10,4.25377096623939,VAR+Macro,4.17,0.08377096623939018,0.08377096623939018,0.007017574784681049
2025-04-30,2025-05-31,1,120,DGS10,4.220262939012689,AR,4.41,-0.18973706098731125,0.18973706098731125,0.036000152312102664
2025-04-30,2025-05-31,1,120,DGS10,4.17,Random Walk,4.41,-0.2400000000000002,0.2400000000000002,0.0576000000000001
2025-04-30,2025-05-31,1,120,DGS10,4.21406171155528,VAR,4.41,-0.1959382884447205,0.1959382884447205,0.03839181287864649
2025-04-30,2025-05-31,1,120,DGS10,4.19101536203483,VAR+Macro,4.41,-0.21898463796517031,0.21898463796517031,0.04795427166473671
2025-05-31,2025-06-30,1,120,DGS10,4.473233371515908,AR,4.24,0.23323337151590806,0.23323337151590806,0.05439780558867759
2025-05-31,2025-06-30,1,120,DGS10,4.41,Random Walk,4.24,0.16999999999999993,0.16999999999999993,0.028899999999999974
2025-05-31,2025-06-30,1,120,DGS10,4.47594471851368,VAR,4.24,0.2359447185136796,0.2359447185136796,0.0556699101944995
2025-05-31,2025-06-30,1,120,DGS10,4.46497456038506,VAR+Macro,4.24,0.2249745603850597,0.2249745603850597,0.05061355282045087
2025-06-30,2025-07-31,1,120,DGS10,4.311314369272079,AR,4.37,-0.0586856307279211,0.0586856307279211,0.0034440032539339175
2025-06-30,2025-07-31,1,120,DGS10,4.24,Random Walk,4.37,-0.1299999999999999,0.1299999999999999,0.01689999999999997
2025-06-30,2025-07-31,1,120,DGS10,4.30725787131415,VAR,4.37,-0.0627421286858505,0.0627421286858505,0.003936574712031823
2025-06-30,2025-07-31,1,120,DGS10,4.30303546048508,VAR+Macro,4.37,-0.06696453951492032,0.06696453951492032,0.004484249552445325
2025-07-31,2025-08-31,1,120,DGS10,4.4470482626799175,AR,4.23,0.21704826267991706,0.21704826267991706,0.047109948332370276
2025-07-31,2025-08-31,1,120,DGS10,4.37,Random Walk,4.23,0.13999999999999968,0.13999999999999968,0.01959999999999991
2025-07-31,2025-08-31,1,120,DGS10,4.45208349901903,VAR,4.23,0.22208349901902924,0.22208349901902924,0.04932108053653516
2025-07-31,2025-08-31,1,120,DGS10,4.44270996642005,VAR+Macro,4.23,0.21270996642004913,0.21270996642004913,0.04524552981441843
2025-08-31,2025-09-30,1,120,DGS10,4.333098383190522,AR,4.16,0.1730983831905215,0.1730983831905215,0.02996305026317262
2025-08-31,2025-09-30,1,120,DGS10,4.23,Random Walk,4.16,0.07000000000000028,0.07000000000000028,0.00490000000000004
2025-08-31,2025-09-30,1,120,DGS10,4.32423800171665,VAR,4.16,0.16423800171665004,0.16423800171665004,0.02697412120787834
2025-08-31,2025-09-30,1,120,DGS10,4.29604124129512,VAR+Macro,4.16,0.13604124129511952,0.13604124129511952,0.01850721933311693
2025-09-30,2025-10-31,1,120,DGS10,4.254080379912049,AR,4.11,0.14408037991204825,0.14408037991204825,0.020759155875600156
2025-09-30,2025-10-31,1,120,DGS10,4.16,Random Walk,4.11,0.04999999999999982,0.04999999999999982,0.0024999999999999823
2025-09-30,2025-10-31,1,120,DGS10,4.25517253075564,VAR,4.11,0.14517253075563996,0.14517253075563996,0.02107506368599723
2025-09-30,2025-10-31,1,120,DGS10,4.22236443042496,VAR+Macro,4.11,0.11236443042496003,0.11236443042496003,0.012625765224725683
2025-10-31,2025-11-30,1,120,DGS10,4.208388823282772,AR,4.02,0.1883888232827724,0.1883888232827724,0.03549034873786765
2025-10-31,2025-11-30,1,120,DGS10,4.11,Random Walk,4.02,0.09000000000000075,0.09000000000000075,0.008100000000000135
2025-10-31,2025-11-30,1,120,DGS10,4.21317933382003,VAR,4.02,0.19317933382003005,0.19317933382003005,0.037318255015150605
2025-11-30,2025-12-31,1,120,DGS10,4.145597558363706,AR,4.18,-0.0344024416362938,0.0344024416362938,0.0011835279905386014
2025-11-30,2025-12-31,1,120,DGS10,4.02,Random Walk,4.18,-0.16000000000000014,0.16000000000000014,0.025600000000000046
2025-11-30,2025-12-31,1,120,DGS10,4.14486342113644,VAR,4.18,-0.035136578863559365,0.035136578863559365,0.0012345791742351267
2025-11-30,2025-12-31,1,120,DGS10,4.13318373307654,VAR+Macro,4.18,-0.04681626692345997,0.04681626692345997,0.002191762848648652
2023-10-31,2024-01-31,3,12,DGS1,5.129868767265202,AR,4.73,0.39986876726520126,0.39986876726520126,0.1598950310341917
2023-10-31,2024-01-31,3,12,DGS1,5.44,Random Walk,4.73,0.71,0.71,0.5041
2023-10-31,2024-01-31,3,12,DGS1,5.43773429760464,VAR,4.73,0.7077342976046399,0.7077342976046399,0.500887836005933
2023-10-31,2024-01-31,3,12,DGS1,5.16886644253221,VAR+Macro,4.73,0.43886644253220997,0.43886644253220997,0.19260375438087754
2023-11-30,2024-02-29,3,12,DGS1,4.897494670586636,AR,5.01,-0.11250532941336377,0.11250532941336377,0.012657449146409497
2023-11-30,2024-02-29,3,12,DGS1,5.16,Random Walk,5.01,0.15000000000000036,0.15000000000000036,0.022500000000000107
2023-11-30,2024-02-29,3,12,DGS1,5.02170783663994,VAR,5.01,0.011707836639939906,0.011707836639939906,0.00013707343878751935
2023-11-30,2024-02-29,3,12,DGS1,4.73967117594686,VAR+Macro,5.01,-0.2703288240531396,0.2703288240531396,0.07307767311395331
2023-12-31,2024-03-31,3,12,DGS1,4.67599797183791,AR,5.03,-0.3540020281620899,0.3540020281620899,0.12531743594287312
2023-12-31,2024-03-31,3,12,DGS1,4.79,Random Walk,5.03,-0.2400000000000002,0.2400000000000002,0.0576000000000001
2023-12-31,2024-03-31,3,12,DGS1,4.55400649267347,VAR,5.03,-0.47599350732653,0.47599350732653,0.22656981901701137
2023-12-31,2024-03-31,3,12,DGS1,4.31529418343936,VAR+Macro,5.03,-0.7147058165606399,0.7147058165606399,0.5108044042256111
2024-01-31,2024-04-30,3,12,DGS1,4.629953563307883,AR,5.25,-0.6200464366921166,0.6200464366921166,0.38445758365459093
2024-01-31,2024-04-30,3,12,DGS1,4.73,Random Walk,5.25,-0.5199999999999996,0.5199999999999996,0.27039999999999953
2024-01-31,2024-04-30,3,12,DGS1,4.53012514010935,VAR,5.25,-0.7198748598906501,0.7198748598906501,0.5182198139025832
2024-01-31,2024-04-30,3,12,DGS1,4.28445345927991,VAR+Macro,5.25,-0.9655465407200898,0.9655465407200898,0.9322801222965321
2024-02-29,2024-05-31,3,12,DGS1,4.843662302351065,AR,5.18,-0.3363376976489345,0.3363376976489345,0.11312304685978608
2024-02-29,2024-05-31,3,12,DGS1,5.01,Random Walk,5.18,-0.16999999999999993,0.16999999999999993,0.028899999999999974
2024-02-29,2024-05-31,3,12,DGS1,4.96941031169203,VAR,5.18,-0.21058968830796942,0.21058968830796942,0.04434801682164771
2024-02-29,2024-05-31,3,12,DGS1,4.73112045182175,VAR+Macro,5.18,-0.44887954817825015,0.44887954817825015,0.20149284877271
2024-03-31,2024-06-30,3,12,DGS1,4.86297156541214,AR,5.09,-0.2270284345878597,0.2270284345878597,0.051541910111414097
2024-03-31,2024-06-30,3,12,DGS1,5.03,Random Walk,5.09,-0.05999999999999961,0.05999999999999961,0.003599999999999953
2024-03-31,2024-06-30,3,12,DGS1,4.95671864150657,VAR,5.09,-0.1332813584934298,0.1332813584934298,0.017763920521854156
2024-03-31,2024-06-30,3,12,DGS1,4.78993240644873,VAR+Macro,5.09,-0.3000675935512698,0.3000675935512698,0.09004056069965004
2024-04-30,2024-07-31,3,12,DGS1,5.039193057340865,AR,4.73,0.309193057340865,0.309193057340865,0.09560034670779143
2024-04-30,2024-07-31,3,12,DGS1,5.25,Random Walk,4.73,0.5199999999999996,0.5199999999999996,0.27039999999999953
2024-04-30,2024-07-31,3,12,DGS1,5.35844466458223,VAR,4.73,0.6284446645822293,0.6284446645822293,0.39494269644187063
2024-04-30,2024-07-31,3,12,DGS1,5.14297146246248,VAR+Macro,4.73,0.4129714624624796,0.4129714624624796,0.1705454288083992
2024-05-31,2024-08-31,3,12,DGS1,4.973558932461193,AR,4.38,0.5935589324611934,0.5935589324611934,0.3523122063044716
2024-05-31,2024-08-31,3,12,DGS1,5.18,Random Walk,4.38,0.7999999999999998,0.7999999999999998,0.6399999999999997
2024-05-31,2024-08-31,3,12,DGS1,5.20373846819911,VAR,4.38,0.8237384681991102,0.8237384681991102,0.6785450639910166
2024-05-31,2024-08-31,3,12,DGS1,5.00818904255728,VAR+Macro,4.38,0.6281890425572803,0.6281890425572803,0.39462147318903246
2024-06-30,2024-09-30,3,12,DGS1,4.887208588390297,AR,3.98,0.9072085883902967,0.9072085883902967,0.8230274228491148
2024-06-30,2024-09-30,3,12,DGS1,5.09,Random Walk,3.98,1.1099999999999999,1.1099999999999999,1.2320999999999998
2024-06-30,2024-09-30,3,12,DGS1,5.02659654126236,VAR,3.98,1.04659654126236,1.04659654126236,1.0953643201823346
2024-06-30,2024-09-30,3,12,DGS1,4.83067205682272,VAR+Macro,3.98,0.8506720568227197,0.8506720568227197,0.7236429482589966
2024-07-31,2024-10-31,3,12,DGS1,4.612187880810571,AR,4.27,0.34218788081057117,0.34218788081057117,0.11709254577362965
2024-07-31,2024-10-31,3,12,DGS1,4.73,Random Walk,4.27,0.46000000000000085,0.46000000000000085,0.2116000000000008
2024-07-31,2024-10-31,3,12,DGS1,4.55172843034166,VAR,4.27,0.2817284303416603,0.2817284303416603,0.07937090846277574
2024-07-31,2024-10-31,3,12,DGS1,4.37752169962919,VAR+Macro,4.27,0.10752169962919034,0.10752169962919034,0.011560915891149829
2024-08-31,2024-11-30,3,12,DGS1,4.321213396777766,AR,4.3,0.02121339677776657,0.02121339677776657,0.00045000820285095707
2024-08-31,2024-11-30,3,12,DGS1,4.38,Random Walk,4.3,0.08000000000000007,0.08000000000000007,0.006400000000000012
2024-08-31,2024-11-30,3,12,DGS1,4.1489065913953,VAR,4.3,-0.15109340860469977,0.15109340860469977,0.022829218123786764
2024-08-31,2024-11-30,3,12,DGS1,3.89333746702536,VAR+Macro,4.3,-0.40666253297463983,0.40666253297463983,0.16537441572535003
2024-09-30,2024-12-31,3,12,DGS1,3.923016409885777,AR,4.16,-0.2369835901142232,0.2369835901142232,0.05616122198342615
2024-09-30,2024-12-31,3,12,DGS1,3.98,Random Walk,4.16,-0.18000000000000016,0.18000000000000016,0.03240000000000006
2024-09-30,2024-12-31,3,12,DGS1,3.78246315471888,VAR,4.16,-0.3775368452811203,0.3775368452811203,0.14253406954482056
2024-09-30,2024-12-31,3,12,DGS1,3.51225180627193,VAR+Macro,4.16,-0.64774819372807,0.64774819372807,0.4195777224779773
2024-10-31,2025-01-31,3,12,DGS1,4.138166882377327,AR,4.17,-0.03183311762267316,0.03183311762267316,0.0010133473775789444
2024-10-31,2025-01-31,3,12,DGS1,4.27,Random Walk,4.17,0.09999999999999964,0.09999999999999964,0.009999999999999929
2024-10-31,2025-01-31,3,12,DGS1,4.28052659702074,VAR,4.17,0.11052659702073964,0.11052659702073964,0.012216128648984971
2024-10-31,2025-01-31,3,12,DGS1,3.97112485108267,VAR+Macro,4.17,-0.1988751489173297,0.1988751489173297,0.03955132485689007
2024-11-30,2025-02-28,3,12,DGS1,4.127468678828016,AR,4.08,0.04746867882801631,0.04746867882801631,0.0022532754696773637
2024-11-30,2025-02-28,3,12,DGS1,4.3,Random Walk,4.08,0.21999999999999975,0.21999999999999975,0.04839999999999989
2024-11-30,2025-02-28,3,12,DGS1,4.2763151327139,VAR,4.08,0.19631513271389966,0.19631513271389966,0.03853963133247604
2024-11-30,2025-02-28,3,12,DGS1,4.07071203045028,VAR+Macro,4.08,-0.00928796954972011,0.00928796954972011,8.626637835652798e-05
2024-12-31,2025-03-31,3,12,DGS1,4.04117786002756,AR,4.03,0.011177860027559383,0.011177860027559383,0.00012494455479570985
2024-12-31,2025-03-31,3,12,DGS1,4.16,Random Walk,4.03,0.1299999999999999,0.1299999999999999,0.01689999999999997
2024-12-31,2025-03-31,3,12,DGS1,4.27136589831935,VAR,4.03,0.24136589831934963,0.24136589831934963,0.05825749687150662
2024-12-31,2025-03-31,3,12,DGS1,4.08211620990447,VAR+Macro,4.03,0.052116209904469635,0.052116209904469635,0.002716099334806739
2025-01-31,2025-04-30,3,12,DGS1,4.030655028164578,AR,3.85,0.18065502816457757,0.18065502816457757,0.032636239201144314
2025-01-31,2025-04-30,3,12,DGS1,4.17,Random Walk,3.85,0.31999999999999984,0.31999999999999984,0.1023999999999999
2025-01-31,2025-04-30,3,12,DGS1,4.24737545164948,VAR,3.85,0.3973754516494803,0.3973754516494803,0.15790724957362845
2025-01-31,2025-04-30,3,12,DGS1,4.07761088833169,VAR+Macro,3.85,0.22761088833168985,0.22761088833168985,0.05180671648714099
2025-02-28,2025-05-31,3,12,DGS1,3.928076816341432,AR,4.11,-0.1819231836585682,0.1819231836585682,0.033096044752469134
2025-02-28,2025-05-31,3,12,DGS1,4.08,Random Walk,4.11,-0.03000000000000025,0.03000000000000025,0.0009000000000000149
2025-02-28,2025-05-31,3,12,DGS1,4.05717308061902,VAR,4.11,-0.05282691938098072,0.05282691938098072,0.0027906834112846365
2025-02-28,2025-05-31,3,12,DGS1,3.89736405821932,VAR+Macro,4.11,-0.21263594178068024,0.21263594178068024,0.04521404373695684
2025-03-31,2025-06-30,3,12,DGS1,3.8686905260127418,AR,3.96,-0.0913094739872582,0.0913094739872582,0.00833742003982978
2025-03-31,2025-06-30,3,12,DGS1,4.03,Random Walk,3.96,0.07000000000000028,0.07000000000000028,0.00490000000000004
2025-03-31,2025-06-30,3,12,DGS1,3.93131710680656,VAR,3.96,-0.028682893193439973,0.028682893193439973,0.0008227083619462851
2025-03-31,2025-06-30,3,12,DGS1,3.76118449013705,VAR+Macro,3.96,-0.19881550986294982,0.19881550986294982,0.0395276069620647
2025-04-30,2025-07-31,3,12,DGS1,3.701829931260991,AR,4.1,-0.3981700687390086,0.3981700687390086,0.15853940363962685
2025-04-30,2025-07-31,3,12,DGS1,3.85,Random Walk,4.1,-0.24999999999999956,0.24999999999999956,0.06249999999999978
2025-04-30,2025-07-31,3,12,DGS1,3.59405324455221,VAR,4.1,-0.5059467554477894,0.5059467554477894,0.25598211934814524
2025-04-30,2025-07-31,3,12,DGS1,3.48226339658303,VAR+Macro,4.1,-0.6177366034169696,0.6177366034169696,0.38159851120113436
2025-05-31,2025-08-31,3,12,DGS1,3.8962077517732023,AR,3.83,0.06620775177320226,0.06620775177320226,0.004383466394861967
2025-05-31,2025-08-31,3,12,DGS1,4.11,Random Walk,3.83,0.28000000000000025,0.28000000000000025,0.07840000000000014
2025-05-31,2025-08-31,3,12,DGS1,3.87546302086555,VAR,3.83,0.045463020865549986,0.045463020865549986,0.0020668862662214333
2025-05-31,2025-08-31,3,12,DGS1,3.78391308399076,VAR+Macro,3.83,-0.046086916009239864,0.046086916009239864,0.00212400382724273
2025-06-30,2025-09-30,3,12,DGS1,3.8020175940377934,AR,3.68,0.12201759403779322,0.12201759403779322,0.014888293254771711
2025-06-30,2025-09-30,3,12,DGS1,3.96,Random Walk,3.68,0.2799999999999998,0.2799999999999998,0.07839999999999989
2025-06-30,2025-09-30,3,12,DGS1,3.70583444456372,VAR,3.68,0.02583444456371975,0.02583444456371975,0.0006674185259159089
2025-06-30,2025-09-30,3,12,DGS1,3.66975153569167,VAR+Macro,3.68,-0.010248464308330263,0.010248464308330263,0.0001050310206791193
2025-07-31,2025-10-31,3,12,DGS1,3.910389767311642,AR,3.7,0.21038976731164194,0.21038976731164194,0.04426385418944684
2025-07-31,2025-10-31,3,12,DGS1,4.1,Random Walk,3.7,0.39999999999999947,0.39999999999999947,0.1599999999999996
2025-07-31,2025-10-31,3,12,DGS1,3.90881505142078,VAR,3.7,0.2088150514207796,0.2088150514207796,0.04360372569986283
2025-07-31,2025-10-31,3,12,DGS1,3.85114273395265,VAR+Macro,3.7,0.15114273395264988,0.15114273395264988,0.022844126026681504
2025-08-31,2025-11-30,3,12,DGS1,3.622369359486254,AR,3.61,0.012369359486254172,0.012369359486254172,0.00015300105410018608
2025-08-31,2025-11-30,3,12,DGS1,3.83,Random Walk,3.61,0.2200000000000002,0.2200000000000002,0.04840000000000009
2025-08-31,2025-11-30,3,12,DGS1,3.49663793730509,VAR,3.61,-0.11336206269490967,0.11336206269490967,0.012850957258444632
2025-08-31,2025-11-30,3,12,DGS1,3.44346755118114,VAR+Macro,3.61,-0.16653244881885998,0.16653244881885998,0.027733056509606217
2025-09-30,2025-12-31,3,12,DGS1,3.5320498160584517,AR,3.48,0.052049816058451714,0.052049816058451714,0.002709183351718658
2025-09-30,2025-12-31,3,12,DGS1,3.68,Random Walk,3.48,0.20000000000000018,0.20000000000000018,0.04000000000000007
2025-09-30,2025-12-31,3,12,DGS1,3.51441026350122,VAR,3.48,0.03441026350122023,0.03441026350122023,0.001184066234223409
2025-09-30,2025-12-31,3,12,DGS1,3.44209494334288,VAR+Macro,3.48,-0.037905056657120184,0.037905056657120184,0.0014367933201794912
2023-10-31,2024-01-31,3,24,DGS2,4.866233004039865,AR,4.27,0.5962330040398651,0.5962330040398651,0.35549379510640183
2023-10-31,2024-01-31,3,24,DGS2,5.07,Random Walk,4.27,0.8000000000000007,0.8000000000000007,0.6400000000000011
2023-10-31,2024-01-31,3,24,DGS2,5.07406074699906,VAR,4.27,0.8040607469990606,0.8040607469990606,0.6465136848646873
2023-10-31,2024-01-31,3,24,DGS2,4.82382120984167,VAR+Macro,4.27,0.5538212098416704,0.5538212098416704,0.3067179324704915
2023-11-30,2024-02-29,3,24,DGS2,4.5236702007690575,AR,4.64,-0.11632979923094222,0.11632979923094222,0.013532622189111325
2023-11-30,2024-02-29,3,24,DGS2,4.73,Random Walk,4.64,0.09000000000000075,0.09000000000000075,0.008100000000000135
2023-11-30,2024-02-29,3,24,DGS2,4.58666857078344,VAR,4.64,-0.05333142921656009,0.05333142921656009,0.002844241342280959
2023-11-30,2024-02-29,3,24,DGS2,4.31986604760075,VAR+Macro,4.64,-0.32013395239924947,0.32013395239924947,0.10248574747876492
2023-12-31,2024-03-31,3,24,DGS2,4.152456466912521,AR,4.59,-0.43754353308747884,0.43754353308747884,0.19144434334667368
2023-12-31,2024-03-31,3,24,DGS2,4.23,Random Walk,4.59,-0.35999999999999943,0.35999999999999943,0.1295999999999996
2023-12-31,2024-03-31,3,24,DGS2,4.01507874974914,VAR,4.59,-0.5749212502508598,0.5749212502508598,0.3305344439900118
2023-12-31,2024-03-31,3,24,DGS2,3.78128833621552,VAR+Macro,4.59,-0.80871166378448,0.80871166378448,0.6540145551410619
2024-01-31,2024-04-30,3,24,DGS2,4.134227841729093,AR,5.04,-0.9057721582709073,0.9057721582709073,0.8204232026987375
2024-01-31,2024-04-30,3,24,DGS2,4.27,Random Walk,5.04,-0.7700000000000005,0.7700000000000005,0.5929000000000008
2024-01-31,2024-04-30,3,24,DGS2,4.01428170210868,VAR,5.04,-1.02571829789132,1.02571829789132,1.0520980266290667
2024-01-31,2024-04-30,3,24,DGS2,3.77567177677163,VAR+Macro,5.04,-1.26432822322837,1.26432822322837,1.5985258560518067
2024-02-29,2024-05-31,3,24,DGS2,4.46088295112491,AR,4.89,-0.4291170488750895,0.4291170488750895,0.18414144163526594
2024-02-29,2024-05-31,3,24,DGS2,4.64,Random Walk,4.89,-0.25,0.25,0.0625
2024-02-29,2024-05-31,3,24,DGS2,4.53778630125365,VAR,4.89,-0.35221369874634956,0.35221369874634956,0.12405448958458427
2024-02-29,2024-05-31,3,24,DGS2,4.31397257215997,VAR+Macro,4.89,-0.5760274278400299,0.5760274278400299,0.33180759762400086
2024-03-31,2024-06-30,3,24,DGS2,4.447110245490012,AR,4.71,-0.2628897545099882,0.2628897545099882,0.06911102302632186
2024-03-31,2024-06-30,3,24,DGS2,4.59,Random Walk,4.71,-0.1200000000000001,0.1200000000000001,0.014400000000000026
2024-03-31,2024-06-30,3,24,DGS2,4.50178531860492,VAR,4.71,-0.20821468139507981,0.20821468139507981,0.0433533535484546
2024-03-31,2024-06-30,3,24,DGS2,4.34451313801198,VAR+Macro,4.71,-0.3654868619880203,0.3654868619880203,0.13358064628585017
2024-04-30,2024-07-31,3,24,DGS2,4.797514831581462,AR,4.29,0.5075148315814619,0.5075148315814619,0.2575713042751597
2024-04-30,2024-07-31,3,24,DGS2,5.04,Random Walk,4.29,0.75,0.75,0.5625
2024-04-30,2024-07-31,3,24,DGS2,5.03059468718455,VAR,4.29,0.7405946871845499,0.7405946871845499,0.5484804906859814
2024-04-30,2024-07-31,3,24,DGS2,4.83306769415449,VAR+Macro,4.29,0.5430676941544901,0.5430676941544901,0.29492252043427475
2024-05-31,2024-08-31,3,24,DGS2,4.666352670183618,AR,3.91,0.7563526701836176,0.7563526701836176,0.5720693616938882
2024-05-31,2024-08-31,3,24,DGS2,4.89,Random Walk,3.91,0.9799999999999995,0.9799999999999995,0.9603999999999991
2024-05-31,2024-08-31,3,24,DGS2,4.83398489722214,VAR,3.91,0.9239848972221401,0.9239848972221401,0.8537480902946087
2024-05-31,2024-08-31,3,24,DGS2,4.65377922865339,VAR+Macro,3.91,0.7437792286533895,0.7437792286533895,0.5532075409762311
2024-06-30,2024-09-30,3,24,DGS2,4.520106161760839,AR,3.66,0.8601061617608385,0.8601061617608385,0.7397826094989618
2024-06-30,2024-09-30,3,24,DGS2,4.71,Random Walk,3.66,1.0499999999999998,1.0499999999999998,1.1024999999999996
2024-06-30,2024-09-30,3,24,DGS2,4.61937161375426,VAR,3.66,0.9593716137542598,0.9593716137542598,0.9203938932774527
2024-06-30,2024-09-30,3,24,DGS2,4.43807805613651,VAR+Macro,3.66,0.7780780561365095,0.7780780561365095,0.6054054614411692
2024-07-31,2024-10-31,3,24,DGS2,4.143037280076138,AR,4.16,-0.016962719923862224,0.016962719923862224,0.00028773386721539247
2024-07-31,2024-10-31,3,24,DGS2,4.29,Random Walk,4.16,0.1299999999999999,0.1299999999999999,0.01689999999999997
2024-07-31,2024-10-31,3,24,DGS2,4.08222290647715,VAR,4.16,-0.07777709352285012,0.07777709352285012,0.006049276276862173
2024-07-31,2024-10-31,3,24,DGS2,3.91777805688902,VAR+Macro,4.16,-0.24222194311098022,0.24222194311098022,0.05867146972445894
2024-08-31,2024-11-30,3,24,DGS2,3.8263523319002575,AR,4.13,-0.3036476680997424,0.3036476680997424,0.09220190634241134
2024-08-31,2024-11-30,3,24,DGS2,3.91,Random Walk,4.13,-0.21999999999999975,0.21999999999999975,0.04839999999999989
2024-08-31,2024-11-30,3,24,DGS2,3.6744790802064,VAR,4.13,-0.4555209197935999,0.4555209197935999,0.20749930836960725
2024-08-31,2024-11-30,3,24,DGS2,3.42988895031462,VAR+Macro,4.13,-0.70011104968538,0.70011104968538,0.49015548189156455
2024-09-30,2024-12-31,3,24,DGS2,3.541415269250449,AR,4.25,-0.7085847307495512,0.7085847307495512,0.502092320651414
2024-09-30,2024-12-31,3,24,DGS2,3.66,Random Walk,4.25,-0.5899999999999999,0.5899999999999999,0.34809999999999985
2024-09-30,2024-12-31,3,24,DGS2,3.41575492540851,VAR,4.25,-0.83424507459149,0.83424507459149,0.6959648444801607
2024-09-30,2024-12-31,3,24,DGS2,3.16487976474125,VAR+Macro,4.25,-1.0851202352587501,1.0851202352587501,1.1774859249680052
2024-10-31,2025-01-31,3,24,DGS2,3.9685781427347457,AR,4.22,-0.251421857265254,0.251421857265254,0.06321295031070977
2024-10-31,2025-01-31,3,24,DGS2,4.16,Random Walk,4.22,-0.05999999999999961,0.05999999999999961,0.003599999999999953
2024-10-31,2025-01-31,3,24,DGS2,4.05511084597163,VAR,4.22,-0.16488915402837012,0.16488915402837012,0.027188433116191568
2024-10-31,2025-01-31,3,24,DGS2,3.78878697301553,VAR+Macro,4.22,-0.43121302698446984,0.43121302698446984,0.18594467464110911
2024-11-30,2025-02-28,3,24,DGS2,3.9502476054497935,AR,3.99,-0.03975239455020674,0.03975239455020674,0.0015802528724753063
2024-11-30,2025-02-28,3,24,DGS2,4.13,Random Walk,3.99,0.13999999999999968,0.13999999999999968,0.01959999999999991
2024-11-30,2025-02-28,3,24,DGS2,4.04767998335412,VAR,3.99,0.05767998335412017,0.05767998335412017,0.0033269804797315798
2024-11-30,2025-02-28,3,24,DGS2,3.86931372067016,VAR+Macro,3.99,-0.12068627932984022,0.12068627932984022,0.014565178018480219
2024-12-31,2025-03-31,3,24,DGS2,4.020950352841106,AR,3.89,0.13095035284110557,0.13095035284110557,0.017147994909210044
2024-12-31,2025-03-31,3,24,DGS2,4.25,Random Walk,3.89,0.3599999999999999,0.3599999999999999,0.1295999999999999
2024-12-31,2025-03-31,3,24,DGS2,4.1615232145493,VAR,3.89,0.27152321454929984,0.27152321454929984,0.07372485603918512
2024-12-31,2025-03-31,3,24,DGS2,4.00397875445516,VAR+Macro,3.89,0.11397875445515959,0.11397875445515959,0.012991156467149562
2025-01-31,2025-04-30,3,24,DGS2,4.010370001029403,AR,3.6,0.41037000102940313,0.41037000102940313,0.16840353774487232
2025-01-31,2025-04-30,3,24,DGS2,4.22,Random Walk,3.6,0.6199999999999997,0.6199999999999997,0.3843999999999996
2025-01-31,2025-04-30,3,24,DGS2,4.14132840167553,VAR,3.6,0.5413284016755298,0.5413284016755298,0.2930364384605837
2025-01-31,2025-04-30,3,24,DGS2,4.00249404562201,VAR+Macro,3.6,0.40249404562200963,0.40249404562200963,0.16200145676117236
2025-02-28,2025-05-31,3,24,DGS2,3.805618670216119,AR,3.89,-0.08438132978388113,0.08438132978388113,0.007120208816096105
2025-02-28,2025-05-31,3,24,DGS2,3.99,Random Walk,3.89,0.10000000000000009,0.10000000000000009,0.010000000000000018
2025-02-28,2025-05-31,3,24,DGS2,3.8843522851818,VAR,3.89,-0.005647714818199923,0.005647714818199923,3.189668266771499e-05
2025-02-28,2025-05-31,3,24,DGS2,3.74960271881079,VAR+Macro,3.89,-0.14039728118921024,0.14039728118921024,0.01971139656532217
2025-03-31,2025-06-30,3,24,DGS2,3.714912851847571,AR,3.72,-0.005087148152429055,0.005087148152429055,2.587907632476235e-05
2025-03-31,2025-06-30,3,24,DGS2,3.89,Random Walk,3.72,0.16999999999999993,0.16999999999999993,0.028899999999999974
2025-03-31,2025-06-30,3,24,DGS2,3.74161989285971,VAR,3.72,0.02161989285971,0.02161989285971,0.00046741976726533943
2025-03-31,2025-06-30,3,24,DGS2,3.59571435722124,VAR+Macro,3.72,-0.12428564277875997,0.12428564277875997,0.015446921000929531
2025-04-30,2025-07-31,3,24,DGS2,3.456998417944062,AR,3.94,-0.4830015820559379,0.4830015820559379,0.2332905282685389
2025-04-30,2025-07-31,3,24,DGS2,3.6,Random Walk,3.94,-0.33999999999999986,0.33999999999999986,0.1155999999999999
2025-04-30,2025-07-31,3,24,DGS2,3.35070587895104,VAR,3.94,-0.58929412104896,0.58929412104896,0.3472675611028663
2025-04-30,2025-07-31,3,24,DGS2,3.25520015315851,VAR+Macro,3.94,-0.6847998468414898,0.6847998468414898,0.4689508302341278
2025-05-31,2025-08-31,3,24,DGS2,3.710430017313704,AR,3.59,0.12043001731370406,0.12043001731370406,0.01450338907017906
2025-05-31,2025-08-31,3,24,DGS2,3.89,Random Walk,3.59,0.30000000000000027,0.30000000000000027,0.09000000000000016
2025-05-31,2025-08-31,3,24,DGS2,3.66454597596846,VAR,3.59,0.07454597596846035,0.07454597596846035,0.0055571025330902685
2025-05-31,2025-08-31,3,24,DGS2,3.58465507169494,VAR+Macro,3.59,-0.005344928305059948,0.005344928305059948,2.8568258586231012e-05
2025-06-30,2025-09-30,3,24,DGS2,3.550432112234262,AR,3.6,-0.04956788776573795,0.04956788776573795,0.002456975497556794
2025-06-30,2025-09-30,3,24,DGS2,3.72,Random Walk,3.6,0.1200000000000001,0.1200000000000001,0.014400000000000026
2025-06-30,2025-09-30,3,24,DGS2,3.45292938437125,VAR,3.6,-0.14707061562875,0.14707061562875,0.021629765981419528
2025-06-30,2025-09-30,3,24,DGS2,3.4233925340212,VAR+Macro,3.6,-0.17660746597880017,0.17660746597880017,0.031190197039453058
2025-07-31,2025-10-31,3,24,DGS2,3.7249066240874873,AR,3.6,0.1249066240874872,0.1249066240874872,0.015601664740932839
2025-07-31,2025-10-31,3,24,DGS2,3.94,Random Walk,3.6,0.33999999999999986,0.33999999999999986,0.1155999999999999
2025-07-31,2025-10-31,3,24,DGS2,3.69738635695081,VAR,3.6,0.09738635695081,0.09738635695081,0.009484102520150578
2025-07-31,2025-10-31,3,24,DGS2,3.64844931161607,VAR+Macro,3.6,0.04844931161607002,0.04844931161607002,0.0023473357960710575
2025-08-31,2025-11-30,3,24,DGS2,3.404286978824352,AR,3.47,-0.06571302117564803,0.06571302117564803,0.004318201152031167
2025-08-31,2025-11-30,3,24,DGS2,3.59,Random Walk,3.47,0.11999999999999966,0.11999999999999966,0.01439999999999992
2025-08-31,2025-11-30,3,24,DGS2,3.27919170651634,VAR,3.47,-0.19080829348366013,0.19080829348366013,0.03640780486214658
2025-08-31,2025-11-30,3,24,DGS2,3.24094528885442,VAR+Macro,3.47,-0.2290547111455803,0.2290547111455803,0.05246606069798523
2025-09-30,2025-12-31,3,24,DGS2,3.401555335262066,AR,3.47,-0.06844466473793398,0.06844466473793398,0.004684672131088183
2025-09-30,2025-12-31,3,24,DGS2,3.6,Random Walk,3.47,0.1299999999999999,0.1299999999999999,0.01689999999999997
2025-09-30,2025-12-31,3,24,DGS2,3.36243183500324,VAR,3.47,-0.10756816499676036,0.10756816499676036,0.011570910120770262
2025-09-30,2025-12-31,3,24,DGS2,3.3082838655042,VAR+Macro,3.47,-0.16171613449580002,0.16171613449580002,0.026152108156263683
2023-10-31,2024-01-31,3,120,DGS10,4.845145984192055,AR,3.99,0.8551459841920552,0.8551459841920552,0.7312746542797988
2023-10-31,2024-01-31,3,120,DGS10,4.88,Random Walk,3.99,0.8899999999999997,0.8899999999999997,0.7920999999999995
2023-10-31,2024-01-31,3,120,DGS10,5.01019877802481,VAR,3.99,1.0201987780248096,1.0201987780248096,1.0408055466833148
2023-10-31,2024-01-31,3,120,DGS10,4.8779282093348,VAR+Macro,3.99,0.8879282093347998,0.8879282093347998,0.788416504932504
2023-11-30,2024-02-29,3,120,DGS10,4.362097665218831,AR,4.25,0.11209766521883058,0.11209766521883058,0.01256588654751302
2023-11-30,2024-02-29,3,120,DGS10,4.37,Random Walk,4.25,0.1200000000000001,0.1200000000000001,0.014400000000000026
2023-11-30,2024-02-29,3,120,DGS10,4.40876639137897,VAR,4.25,0.15876639137897008,0.15876639137897008,0.025206767031500307
2023-11-30,2024-02-29,3,120,DGS10,4.23629834459537,VAR+Macro,4.25,-0.013701655404630309,0.013701655404630309,0.00018773536082723494
2023-12-31,2024-03-31,3,120,DGS10,3.895290373954536,AR,4.2,-0.30470962604546425,0.30470962604546425,0.09284795620476667
2023-12-31,2024-03-31,3,120,DGS10,3.88,Random Walk,4.2,-0.3200000000000003,0.3200000000000003,0.10240000000000019
2023-12-31,2024-03-31,3,120,DGS10,3.80937490034826,VAR,4.2,-0.3906250996517402,0.3906250996517402,0.15258796847793196
2023-12-31,2024-03-31,3,120,DGS10,3.62317924403515,VAR+Macro,4.2,-0.5768207559648504,0.5768207559648504,0.3327221845118615
2024-01-31,2024-04-30,3,120,DGS10,4.004361825706293,AR,4.69,-0.6856381742937074,0.6856381742937074,0.47009970604880835
2024-01-31,2024-04-30,3,120,DGS10,3.99,Random Walk,4.69,-0.7000000000000002,0.7000000000000002,0.49000000000000027
2024-01-31,2024-04-30,3,120,DGS10,3.94860627343062,VAR,4.69,-0.7413937265693802,0.7413937265693802,0.5496646577964329
2024-01-31,2024-04-30,3,120,DGS10,3.76771996597306,VAR+Macro,4.69,-0.9222800340269406,0.9222800340269406,0.8506004611647346
2024-02-29,2024-05-31,3,120,DGS10,4.234549099491681,AR,4.51,-0.2754509005083188,0.2754509005083188,0.07587319859084372
2024-02-29,2024-05-31,3,120,DGS10,4.25,Random Walk,4.51,-0.2599999999999998,0.2599999999999998,0.06759999999999988
2024-02-29,2024-05-31,3,120,DGS10,4.28011180500272,VAR,4.51,-0.22988819499727953,0.22988819499727953,0.052848582199107215
2024-02-29,2024-05-31,3,120,DGS10,4.12524718564337,VAR+Macro,4.51,-0.3847528143566299,0.3847528143566299,0.1480347281553473
2024-03-31,2024-06-30,3,120,DGS10,4.186499600894414,AR,4.36,-0.17350039910558657,0.17350039910558657,0.030102388489797825
2024-03-31,2024-06-30,3,120,DGS10,4.2,Random Walk,4.36,-0.16000000000000014,0.16000000000000014,0.025600000000000046
2024-03-31,2024-06-30,3,120,DGS10,4.22027741050183,VAR,4.36,-0.13972258949817018,0.13972258949817018,0.019522402016074174
2024-03-31,2024-06-30,3,120,DGS10,4.10567288174481,VAR+Macro,4.36,-0.2543271182551905,0.2543271182551905,0.06468228307998965
2024-04-30,2024-07-31,3,120,DGS10,4.634333044431402,AR,4.09,0.5443330444314025,0.5443330444314025,0.29629846325995923
2024-04-30,2024-07-31,3,120,DGS10,4.69,Random Walk,4.09,0.6000000000000005,0.6000000000000005,0.36000000000000065
2024-04-30,2024-07-31,3,120,DGS10,4.77223104643938,VAR,4.09,0.6822310464393802,0.6822310464393802,0.46543920072577166
2024-04-30,2024-07-31,3,120,DGS10,4.64330225278582,VAR+Macro,4.09,0.5533022527858202,0.5533022527858202,0.3061433829378637
2024-05-31,2024-08-31,3,120,DGS10,4.472367632130193,AR,3.91,0.5623676321301927,0.5623676321301927,0.31625735366771973
2024-05-31,2024-08-31,3,120,DGS10,4.51,Random Walk,3.91,0.5999999999999996,0.5999999999999996,0.3599999999999996
2024-05-31,2024-08-31,3,120,DGS10,4.57550578567677,VAR,3.91,0.6655057856767694,0.6655057856767694,0.4428979507692542
2024-05-31,2024-08-31,3,120,DGS10,4.46074921400033,VAR+Macro,3.91,0.5507492140003301,0.5507492140003301,0.30332469672198137
2024-06-30,2024-09-30,3,120,DGS10,4.329037436245187,AR,3.81,0.5190374362451871,0.5190374362451871,0.2693998602239766
2024-06-30,2024-09-30,3,120,DGS10,4.36,Random Walk,3.81,0.5500000000000003,0.5500000000000003,0.30250000000000027
2024-06-30,2024-09-30,3,120,DGS10,4.39845700996043,VAR,3.81,0.5884570099604303,0.5884570099604303,0.3462816525715699
2024-06-30,2024-09-30,3,120,DGS10,4.28792287055769,VAR+Macro,3.81,0.4779228705576899,0.4779228705576899,0.22841027020210242
2024-07-31,2024-10-31,3,120,DGS10,4.093539472438366,AR,4.28,-0.18646052756163467,0.18646052756163467,0.03476752833856312
2024-07-31,2024-10-31,3,120,DGS10,4.09,Random Walk,4.28,-0.1900000000000004,0.1900000000000004,0.036100000000000146
2024-07-31,2024-10-31,3,120,DGS10,4.09016826749721,VAR,4.28,-0.18983173250278984,0.18983173250278984,0.03603608666501076
2024-07-31,2024-10-31,3,120,DGS10,3.96393746463701,VAR+Macro,4.28,-0.31606253536299045,0.31606253536299045,0.0998955262600816
2024-08-31,2024-11-30,3,120,DGS10,3.913409847913868,AR,4.18,-0.26659015208613157,0.26659015208613157,0.07107030918930676
2024-08-31,2024-11-30,3,120,DGS10,3.91,Random Walk,4.18,-0.2699999999999996,0.2699999999999996,0.07289999999999977
2024-08-31,2024-11-30,3,120,DGS10,3.86613772018196,VAR,4.18,-0.3138622798180397,0.3138622798180397,0.09850953069257747
2024-08-31,2024-11-30,3,120,DGS10,3.65540779736937,VAR+Macro,4.18,-0.5245922026306298,0.5245922026306298,0.2751969790608557
2024-09-30,2024-12-31,3,120,DGS10,3.81276977526634,AR,4.58,-0.7672302247336602,0.7672302247336602,0.5886422177448627
2024-09-30,2024-12-31,3,120,DGS10,3.81,Random Walk,4.58,-0.77,0.77,0.5929
2024-09-30,2024-12-31,3,120,DGS10,3.77391040078384,VAR,4.58,-0.8060895992161599,0.8060895992161599,0.6497804419644693
2024-09-30,2024-12-31,3,120,DGS10,3.57118936046495,VAR+Macro,4.58,-1.0088106395350502,1.0088106395350502,1.017698906439117
2024-10-31,2025-01-31,3,120,DGS10,4.229554674928728,AR,4.58,-0.3504453250712718,0.3504453250712718,0.12281192586430936
2024-10-31,2025-01-31,3,120,DGS10,4.28,Random Walk,4.58,-0.2999999999999998,0.2999999999999998,0.0899999999999999
2024-10-31,2025-01-31,3,120,DGS10,4.28529211875265,VAR,4.58,-0.2947078812473505,0.2947078812473505,0.08685273526930243
2024-10-31,2025-01-31,3,120,DGS10,4.07673055716454,VAR+Macro,4.58,-0.5032694428354603,0.5032694428354603,0.25328013209191463
2024-11-30,2025-02-28,3,120,DGS10,4.131382056680436,AR,4.24,-0.10861794331956443,0.10861794331956443,0.01179785761097211
2024-11-30,2025-02-28,3,120,DGS10,4.18,Random Walk,4.24,-0.0600000000000005,0.0600000000000005,0.0036000000000000597
2024-11-30,2025-02-28,3,120,DGS10,4.19001554857617,VAR,4.24,-0.04998445142383012,0.04998445142383012,0.0024984453841412333
2024-11-30,2025-02-28,3,120,DGS10,4.06338609860456,VAR+Macro,4.24,-0.17661390139544064,0.17661390139544064,0.03119247016611843
2024-12-31,2025-03-31,3,120,DGS10,4.493260342613046,AR,4.23,0.2632603426130453,0.2632603426130453,0.069306007992738
2024-12-31,2025-03-31,3,120,DGS10,4.58,Random Walk,4.23,0.34999999999999964,0.34999999999999964,0.12249999999999975
2024-12-31,2025-03-31,3,120,DGS10,4.56953216470821,VAR,4.23,0.3395321647082099,0.3395321647082099,0.11528209087144298
2024-12-31,2025-03-31,3,120,DGS10,4.46145291577127,VAR+Macro,4.23,0.23145291577126947,0.23145291577126947,0.05357045221902236
2025-01-31,2025-04-30,3,120,DGS10,4.507893456156084,AR,4.17,0.3378934561560838,0.3378934561560838,0.11417198771310332
2025-01-31,2025-04-30,3,120,DGS10,4.58,Random Walk,4.17,0.41000000000000014,0.41000000000000014,0.1681000000000001
2025-01-31,2025-04-30,3,120,DGS10,4.58046504684533,VAR,4.17,0.4104650468453297,0.4104650468453297,0.1684815546817387
2025-01-31,2025-04-30,3,120,DGS10,4.48001233228464,VAR+Macro,4.17,0.3100123322846402,0.3100123322846402,0.09610764616856217
2025-02-28,2025-05-31,3,120,DGS10,4.195308698436797,AR,4.41,-0.21469130156320304,0.21469130156320304,0.046092354966902185
2025-02-28,2025-05-31,3,120,DGS10,4.24,Random Walk,4.41,-0.16999999999999993,0.16999999999999993,0.028899999999999974
2025-02-28,2025-05-31,3,120,DGS10,4.24721452385094,VAR,4.41,-0.16278547614906014,0.16278547614906014,0.026499111245076225
2025-02-28,2025-05-31,3,120,DGS10,4.15194265776221,VAR+Macro,4.41,-0.2580573422377901,0.2580573422377901,0.06659359188283193
2025-03-31,2025-06-30,3,120,DGS10,4.2078437230463255,AR,4.24,-0.032156276953674734,0.032156276953674734,0.0010340261475214327
2025-03-31,2025-06-30,3,120,DGS10,4.23,Random Walk,4.24,-0.009999999999999787,0.009999999999999787,9.999999999999574e-05
2025-03-31,2025-06-30,3,120,DGS10,4.23970661262037,VAR,4.24,-0.0002933873796298059,0.0002933873796298059,8.607615452604383e-08
2025-03-31,2025-06-30,3,120,DGS10,4.1509154215455,VAR+Macro,4.24,-0.08908457845450002,0.08908457845450002,0.007936062118415969
2025-04-30,2025-07-31,3,120,DGS10,4.161095672910911,AR,4.37,-0.20890432708908868,0.20890432708908868,0.04364101787654495
2025-04-30,2025-07-31,3,120,DGS10,4.17,Random Walk,4.37,-0.20000000000000018,0.20000000000000018,0.04000000000000007
2025-04-30,2025-07-31,3,120,DGS10,4.14113349040908,VAR,4.37,-0.2288665095909197,0.2288665095909197,0.05237987921233054
2025-04-30,2025-07-31,3,120,DGS10,4.07912559116555,VAR+Macro,4.37,-0.29087440883445037,0.29087440883445037,0.08460792171479098
2025-05-31,2025-08-31,3,120,DGS10,4.406643442736027,AR,4.23,0.17664344273602683,0.17664344273602683,0.03120290586163599
2025-05-31,2025-08-31,3,120,DGS10,4.41,Random Walk,4.23,0.17999999999999972,0.17999999999999972,0.0323999999999999
2025-05-31,2025-08-31,3,120,DGS10,4.41239456915055,VAR,4.23,0.1823945691505493,0.1823945691505493,0.03326777885561451
2025-05-31,2025-08-31,3,120,DGS10,4.37494135455737,VAR+Macro,4.23,0.14494135455736945,0.14494135455736945,0.02100799626092508
2025-06-30,2025-09-30,3,120,DGS10,4.252651738883451,AR,4.16,0.09265173888345046,0.09265173888345046,0.008584344718127086
2025-06-30,2025-09-30,3,120,DGS10,4.24,Random Walk,4.16,0.08000000000000007,0.08000000000000007,0.006400000000000012
2025-06-30,2025-09-30,3,120,DGS10,4.23898706340524,VAR,4.16,0.07898706340523987,0.07898706340523987,0.006238956185383383
2025-06-30,2025-09-30,3,120,DGS10,4.21920492962221,VAR+Macro,4.16,0.05920492962220969,0.05920492962220969,0.0035052236915708024
2025-07-31,2025-10-31,3,120,DGS10,4.382146524418841,AR,4.11,0.272146524418841,0.272146524418841,0.07406373075325483
2025-07-31,2025-10-31,3,120,DGS10,4.37,Random Walk,4.11,0.2599999999999998,0.2599999999999998,0.06759999999999988
2025-07-31,2025-10-31,3,120,DGS10,4.39496052281542,VAR,4.11,0.2849605228154193,0.2849605228154193,0.0812024995632371
2025-07-31,2025-10-31,3,120,DGS10,4.36551563844288,VAR+Macro,4.11,0.25551563844287983,0.25551563844287983,0.0652882414888725
2025-08-31,2025-11-30,3,120,DGS10,4.278928921497653,AR,4.02,0.25892892149765334,0.25892892149765334,0.06704418638793792
2025-08-31,2025-11-30,3,120,DGS10,4.23,Random Walk,4.02,0.21000000000000085,0.21000000000000085,0.04410000000000036
2025-08-31,2025-11-30,3,120,DGS10,4.25137275659555,VAR,4.02,0.23137275659555012,0.23137275659555012,0.05353335249462368
2025-08-31,2025-11-30,3,120,DGS10,4.1907609332921,VAR+Macro,4.02,0.17076093329210007,0.17076093329210007,0.02915929633878905
2025-09-30,2025-12-31,3,120,DGS10,4.195320672021998,AR,4.18,0.01532067202199805,0.01532067202199805,0.0002347229912056338
2025-09-30,2025-12-31,3,120,DGS10,4.16,Random Walk,4.18,-0.019999999999999574,0.019999999999999574,0.00039999999999998294
2025-09-30,2025-12-31,3,120,DGS10,4.19679920968001,VAR,4.18,0.01679920968001003,0.01679920968001003,0.0002822134458729427
2025-09-30,2025-12-31,3,120,DGS10,4.12797095436673,VAR+Macro,4.18,-0.05202904563326971,0.05202904563326971,0.002707021589508862
2023-07-31,2024-01-31,6,12,DGS1,5.134265449939724,AR,4.73,0.40426544993972335,0.40426544993972335,0.16343055401496698
2023-07-31,2024-01-31,6,12,DGS1,5.37,Random Walk,4.73,0.6399999999999997,0.6399999999999997,0.4095999999999996
2023-07-31,2024-01-31,6,12,DGS1,5.44628405337016,VAR,4.73,0.7162840533701598,0.7162840533701598,0.5130628451123859
2023-07-31,2024-01-31,6,12,DGS1,4.61859390310251,VAR+Macro,4.73,-0.11140609689749059,0.11140609689749059,0.012411318425933062
2023-08-31,2024-02-29,6,12,DGS1,5.048503371049235,AR,5.01,0.03850337104923529,0.03850337104923529,0.0014825095821550903
2023-08-31,2024-02-29,6,12,DGS1,5.37,Random Walk,5.01,0.3600000000000003,0.3600000000000003,0.12960000000000024
2023-08-31,2024-02-29,6,12,DGS1,5.345914649864,VAR,5.01,0.33591464986399977,0.33591464986399977,0.11283865199325356
2023-08-31,2024-02-29,6,12,DGS1,4.71893458676829,VAR+Macro,5.01,-0.29106541323170987,0.29106541323170987,0.08471907477974602
2023-09-30,2024-03-31,6,12,DGS1,4.991410066510079,AR,5.03,-0.0385899334899209,0.0385899334899209,0.0014891829667565187
2023-09-30,2024-03-31,6,12,DGS1,5.46,Random Walk,5.03,0.4299999999999997,0.4299999999999997,0.18489999999999976
2023-09-30,2024-03-31,6,12,DGS1,5.52339406933532,VAR,5.03,0.49339406933532004,0.49339406933532004,0.2434377076552666
2023-09-30,2024-03-31,6,12,DGS1,4.93950842482111,VAR+Macro,5.03,-0.0904915751788904,0.0904915751788904,0.008188725178356771
2023-10-31,2024-04-30,6,12,DGS1,4.987170712126279,AR,5.25,-0.2628292878737213,0.2628292878737213,0.06907923456420745
2023-10-31,2024-04-30,6,12,DGS1,5.44,Random Walk,5.25,0.1900000000000004,0.1900000000000004,0.036100000000000146
2023-10-31,2024-04-30,6,12,DGS1,5.52283924487371,VAR,5.25,0.27283924487371003,0.27283924487371003,0.0744412535432563
2023-10-31,2024-04-30,6,12,DGS1,4.90497444668954,VAR+Macro,5.25,-0.34502555331046025,0.34502555331046025,0.11904263243718925
2023-11-30,2024-05-31,6,12,DGS1,4.789083736864282,AR,5.18,-0.3909162631357175,0.3909162631357175,0.15281552478399352
2023-11-30,2024-05-31,6,12,DGS1,5.16,Random Walk,5.18,-0.019999999999999574,0.019999999999999574,0.00039999999999998294
2023-11-30,2024-05-31,6,12,DGS1,4.9739337397094,VAR,5.18,-0.2060662602905996,0.2060662602905996,0.042463303630153146
2023-11-30,2024-05-31,6,12,DGS1,4.378604596485,VAR+Macro,5.18,-0.8013954035149995,0.8013954035149995,0.6422345927749689
2023-12-31,2024-06-30,6,12,DGS1,4.6366084851477405,AR,5.09,-0.45339151485225937,0.45339151485225937,0.20556386574002652
2023-12-31,2024-06-30,6,12,DGS1,4.79,Random Walk,5.09,-0.2999999999999998,0.2999999999999998,0.0899999999999999
2023-12-31,2024-06-30,6,12,DGS1,4.35599937972107,VAR,5.09,-0.7340006202789295,0.7340006202789295,0.5387569105698533
2023-12-31,2024-06-30,6,12,DGS1,3.88035056530345,VAR+Macro,5.09,-1.20964943469655,1.20964943469655,1.4632517548616832
2024-01-31,2024-07-31,6,12,DGS1,4.568586771608127,AR,4.73,-0.161413228391873,0.161413228391873,0.026054230299886957
2024-01-31,2024-07-31,6,12,DGS1,4.73,Random Walk,4.73,0.0,0.0,0.0
2024-01-31,2024-07-31,6,12,DGS1,4.329032132659,VAR,4.73,-0.40096786734100043,0.40096786734100043,0.1607752306399901
2024-01-31,2024-07-31,6,12,DGS1,3.8441116938883,VAR+Macro,4.73,-0.8858883061117004,0.8858883061117004,0.7847980909054578
2024-02-29,2024-08-31,6,12,DGS1,4.742587288647122,AR,4.38,0.36258728864712175,0.36258728864712175,0.13146954188847118
2024-02-29,2024-08-31,6,12,DGS1,5.01,Random Walk,4.38,0.6299999999999999,0.6299999999999999,0.39689999999999986
2024-02-29,2024-08-31,6,12,DGS1,4.94244241700819,VAR,4.38,0.5624424170081905,0.5624424170081905,0.3163414724500153
2024-02-29,2024-08-31,6,12,DGS1,4.46079385686546,VAR+Macro,4.38,0.08079385686546026,0.08079385686546026,0.006527647307196479
2024-03-31,2024-09-30,6,12,DGS1,4.774497283768167,AR,3.98,0.7944972837681674,0.7944972837681674,0.6312259339149959
2024-03-31,2024-09-30,6,12,DGS1,5.03,Random Walk,3.98,1.0500000000000003,1.0500000000000003,1.1025000000000005
2024-03-31,2024-09-30,6,12,DGS1,4.91638977025837,VAR,3.98,0.9363897702583697,0.9363897702583697,0.8768258018445223
2024-03-31,2024-09-30,6,12,DGS1,4.56498519746027,VAR+Macro,3.98,0.5849851974602704,0.5849851974602704,0.3422076812476316
2024-04-30,2024-10-31,6,12,DGS1,4.888573516808689,AR,4.27,0.6185735168086897,0.6185735168086897,0.38263319569707027
2024-04-30,2024-10-31,6,12,DGS1,5.25,Random Walk,4.27,0.9800000000000004,0.9800000000000004,0.9604000000000008
2024-04-30,2024-10-31,6,12,DGS1,5.45934369081889,VAR,4.27,1.1893436908188901,1.1893436908188901,1.4145384148906996
2024-04-30,2024-10-31,6,12,DGS1,5.02823743372545,VAR+Macro,4.27,0.7582374337254505,0.7582374337254505,0.5749240059025569
2024-05-31,2024-11-30,6,12,DGS1,4.843253980938007,AR,4.3,0.5432539809380073,0.5432539809380073,0.29512488780499274
2024-05-31,2024-11-30,6,12,DGS1,5.18,Random Walk,4.3,0.8799999999999999,0.8799999999999999,0.7743999999999999
2024-05-31,2024-11-30,6,12,DGS1,5.24783968050727,VAR,4.3,0.9478396805072702,0.9478396805072702,0.898400059944124
2024-05-31,2024-11-30,6,12,DGS1,4.84434855300228,VAR+Macro,4.3,0.5443485530022798,0.5443485530022798,0.2963153471556758
2024-06-30,2024-12-31,6,12,DGS1,4.777531336734007,AR,4.16,0.6175313367340065,0.6175313367340065,0.38134495184848893
2024-06-30,2024-12-31,6,12,DGS1,5.09,Random Walk,4.16,0.9299999999999997,0.9299999999999997,0.8648999999999994
2024-06-30,2024-12-31,6,12,DGS1,5.01253401718534,VAR,4.16,0.8525340171853397,0.8525340171853397,0.7268142504581732
2024-06-30,2024-12-31,6,12,DGS1,4.59999677036235,VAR+Macro,4.16,0.43999677036234974,0.43999677036234974,0.19359715792929832
2024-07-31,2025-01-31,6,12,DGS1,4.53809612880654,AR,4.17,0.3680961288065401,0.3680961288065401,0.13549476004236094
2024-07-31,2025-01-31,6,12,DGS1,4.73,Random Walk,4.17,0.5600000000000005,0.5600000000000005,0.31360000000000054
2024-07-31,2025-01-31,6,12,DGS1,4.39734080184403,VAR,4.17,0.22734080184403016,0.22734080184403016,0.05168384018308659
2024-07-31,2025-01-31,6,12,DGS1,4.05613599067639,VAR+Macro,4.17,-0.11386400932360985,0.11386400932360985,0.01296501261924711
2024-08-31,2025-02-28,6,12,DGS1,4.2633903362286905,AR,4.08,0.1833903362286904,0.1833903362286904,0.03363201542207211
2024-08-31,2025-02-28,6,12,DGS1,4.38,Random Walk,4.08,0.2999999999999998,0.2999999999999998,0.0899999999999999
2024-08-31,2025-02-28,6,12,DGS1,3.91496466457,VAR,4.08,-0.16503533543000026,0.16503533543000026,0.0272366619404927
2024-08-31,2025-02-28,6,12,DGS1,3.48870269092174,VAR+Macro,4.08,-0.5912973090782603,0.5912973090782603,0.34963250772319165
2024-09-30,2025-03-31,6,12,DGS1,3.849574175945163,AR,4.03,-0.1804258240548373,0.1804258240548373,0.032553477985867114
2024-09-30,2025-03-31,6,12,DGS1,3.98,Random Walk,4.03,-0.050000000000000266,0.050000000000000266,0.0025000000000000265
2024-09-30,2025-03-31,6,12,DGS1,3.56454536858028,VAR,4.03,-0.4654546314197203,0.4654546314197203,0.2166480139100677
2024-09-30,2025-03-31,6,12,DGS1,3.1313740228076,VAR+Macro,4.03,-0.8986259771924003,0.8986259771924003,0.8075286468849964
2024-10-31,2025-04-30,6,12,DGS1,4.00713118594358,AR,3.85,0.15713118594357978,0.15713118594357978,0.024690209596035843
2024-10-31,2025-04-30,6,12,DGS1,4.27,Random Walk,3.85,0.4199999999999995,0.4199999999999995,0.17639999999999956
2024-10-31,2025-04-30,6,12,DGS1,4.23486074830675,VAR,3.85,0.3848607483067501,0.3848607483067501,0.14811779558723165
2024-10-31,2025-04-30,6,12,DGS1,3.77007282259165,VAR+Macro,3.85,-0.07992717740834987,0.07992717740834987,0.006388353688465834
2024-11-30,2025-05-31,6,12,DGS1,4.001216851861933,AR,4.11,-0.108783148138067,0.108783148138067,0.011833773318828629
2024-11-30,2025-05-31,6,12,DGS1,4.3,Random Walk,4.11,0.1899999999999995,0.1899999999999995,0.03609999999999981
2024-11-30,2025-05-31,6,12,DGS1,4.24507466372354,VAR,4.11,0.1350746637235396,0.1350746637235396,0.018245164780027304
2024-11-30,2025-05-31,6,12,DGS1,3.89375223448341,VAR+Macro,4.11,-0.2162477655165902,0.2162477655165902,0.04676309609091817
2024-12-31,2025-06-30,6,12,DGS1,3.8931093635621306,AR,3.96,-0.06689063643786941,0.06689063643786941,0.004474357243063223
2024-12-31,2025-06-30,6,12,DGS1,4.16,Random Walk,3.96,0.20000000000000018,0.20000000000000018,0.04000000000000007
2024-12-31,2025-06-30,6,12,DGS1,4.27256904179044,VAR,3.96,0.3125690417904403,0.3125690417904403,0.09769940588579402
2024-12-31,2025-06-30,6,12,DGS1,3.97385646183306,VAR+Macro,3.96,0.013856461833059885,0.013856461833059885,0.00019200153453104532
2025-01-31,2025-07-31,6,12,DGS1,3.886115877950372,AR,4.1,-0.21388412204962748,0.21388412204962748,0.04574641766493994
2025-01-31,2025-07-31,6,12,DGS1,4.17,Random Walk,4.1,0.07000000000000028,0.07000000000000028,0.00490000000000004
2025-01-31,2025-07-31,6,12,DGS1,4.24190666593431,VAR,4.1,0.14190666593431,0.14190666593431,0.02013750183659186
2025-01-31,2025-07-31,6,12,DGS1,3.98350301163647,VAR+Macro,4.1,-0.11649698836352984,0.11649698836352984,0.013571548297772407
2025-02-28,2025-08-31,6,12,DGS1,3.800248479346732,AR,3.83,-0.029751520653268138,0.029751520653268138,0.0008851529811818406
2025-02-28,2025-08-31,6,12,DGS1,4.08,Random Walk,3.83,0.25,0.25,0.0625
2025-02-28,2025-08-31,6,12,DGS1,4.00721663229444,VAR,3.83,0.1772166322944395,0.1772166322944395,0.03140573476178258
2025-02-28,2025-08-31,6,12,DGS1,3.74079710127498,VAR+Macro,3.83,-0.08920289872501996,0.08920289872501996,0.007957157140946167
2025-03-31,2025-09-30,6,12,DGS1,3.750790836260352,AR,3.68,0.07079083626035176,0.07079083626035176,0.0050113424984399345
2025-03-31,2025-09-30,6,12,DGS1,4.03,Random Walk,3.68,0.3500000000000001,0.3500000000000001,0.12250000000000007
2025-03-31,2025-09-30,6,12,DGS1,3.83682117039872,VAR,3.68,0.1568211703987199,0.1568211703987199,0.02459287948522434
2025-03-31,2025-09-30,6,12,DGS1,3.52991885899767,VAR+Macro,3.68,-0.15008114100232994,0.15008114100232994,0.022524348884561243
2025-04-30,2025-10-31,6,12,DGS1,3.611421229015869,AR,3.7,-0.08857877098413125,0.08857877098413125,0.007846198669059173
2025-04-30,2025-10-31,6,12,DGS1,3.85,Random Walk,3.7,0.1499999999999999,0.1499999999999999,0.022499999999999975
2025-04-30,2025-10-31,6,12,DGS1,3.38830730297125,VAR,3.7,-0.31169269702875013,0.31169269702875013,0.09715233738105622
2025-04-30,2025-10-31,6,12,DGS1,3.17099867809544,VAR+Macro,3.7,-0.5290013219045604,0.5290013219045604,0.27984239857677234
2025-05-31,2025-11-30,6,12,DGS1,3.792161858768423,AR,3.61,0.18216185876842328,0.18216185876842328,0.03318294278996699
2025-05-31,2025-11-30,6,12,DGS1,4.11,Random Walk,3.61,0.5000000000000004,0.5000000000000004,0.25000000000000044
2025-05-31,2025-11-30,6,12,DGS1,3.7232118632505,VAR,3.61,0.11321186325050014,0.11321186325050014,0.012816925980649945
2025-05-31,2025-11-30,6,12,DGS1,3.51740057408099,VAR+Macro,3.61,-0.09259942591900971,0.09259942591900971,0.008574653680530168
2025-06-30,2025-12-31,6,12,DGS1,3.7123798750641015,AR,3.48,0.23237987506410152,0.23237987506410152,0.05400040633480743
2025-06-30,2025-12-31,6,12,DGS1,3.96,Random Walk,3.48,0.48,0.48,0.2304
2025-06-30,2025-12-31,6,12,DGS1,3.51093240265468,VAR,3.48,0.030932402654680224,0.030932402654680224,0.0009568135339912682
2025-06-30,2025-12-31,6,12,DGS1,3.40978001798963,VAR+Macro,3.48,-0.07021998201037016,0.07021998201037016,0.00493084587353671
2023-07-31,2024-01-31,6,24,DGS2,4.657753935750988,AR,4.27,0.3877539357509887,0.3877539357509887,0.15035311469038187
2023-07-31,2024-01-31,6,24,DGS2,4.88,Random Walk,4.27,0.6100000000000003,0.6100000000000003,0.3721000000000004
2023-07-31,2024-01-31,6,24,DGS2,4.82274967234746,VAR,4.27,0.5527496723474608,0.5527496723474608,0.3055322002802252
2023-07-31,2024-01-31,6,24,DGS2,4.05549089423476,VAR+Macro,4.27,-0.21450910576523974,0.21450910576523974,0.046014156456202805
2023-08-31,2024-02-29,6,24,DGS2,4.5995571720944906,AR,4.64,-0.04044282790550913,0.04044282790550913,0.0016356223289946278
2023-08-31,2024-02-29,6,24,DGS2,4.85,Random Walk,4.64,0.20999999999999996,0.20999999999999996,0.044099999999999986
2023-08-31,2024-02-29,6,24,DGS2,4.75795727797792,VAR,4.64,0.11795727797792033,0.11795727797792033,0.013913919427960367
2023-08-31,2024-02-29,6,24,DGS2,4.17588480548599,VAR+Macro,4.64,-0.46411519451400984,0.46411519451400984,0.21540291377877718
2023-09-30,2024-03-31,6,24,DGS2,4.668542898462658,AR,4.59,0.07854289846265772,0.07854289846265772,0.00616898689891536
2023-09-30,2024-03-31,6,24,DGS2,5.03,Random Walk,4.59,0.4400000000000004,0.4400000000000004,0.19360000000000036
2023-09-30,2024-03-31,6,24,DGS2,5.02700430532453,VAR,4.59,0.43700430532453005,0.43700430532453005,0.19097276287217507
2023-09-30,2024-03-31,6,24,DGS2,4.48933892378215,VAR+Macro,4.59,-0.10066107621784948,0.10066107621784948,0.010132652265335702
2023-10-31,2024-04-30,6,24,DGS2,4.718181628330964,AR,5.04,-0.3218183716690364,0.3218183716690364,0.10356706434371003
2023-10-31,2024-04-30,6,24,DGS2,5.07,Random Walk,5.04,0.03000000000000025,0.03000000000000025,0.0009000000000000149
2023-10-31,2024-04-30,6,24,DGS2,5.08013725819561,VAR,5.04,0.040137258195610315,0.040137258195610315,0.0016109994954610874
2023-10-31,2024-04-30,6,24,DGS2,4.51537231152737,VAR+Macro,5.04,-0.5246276884726297,0.5246276884726297,0.2752342115121347
2023-11-30,2024-05-31,6,24,DGS2,4.407044902411871,AR,4.89,-0.48295509758812827,0.48295509758812827,0.2332456262863585
2023-11-30,2024-05-31,6,24,DGS2,4.73,Random Walk,4.89,-0.15999999999999925,0.15999999999999925,0.025599999999999762
2023-11-30,2024-05-31,6,24,DGS2,4.49165133736518,VAR,4.89,-0.3983486626348194,0.3983486626348194,0.15868165702294915
2023-11-30,2024-05-31,6,24,DGS2,3.94301587352341,VAR+Macro,4.89,-0.9469841264765897,0.9469841264765897,0.8967789357986297
2023-12-31,2024-06-30,6,24,DGS2,4.101629887706052,AR,4.71,-0.6083701122939482,0.6083701122939482,0.37011419353255115
2023-12-31,2024-06-30,6,24,DGS2,4.23,Random Walk,4.71,-0.47999999999999954,0.47999999999999954,0.23039999999999955
2023-12-31,2024-06-30,6,24,DGS2,3.80919514731851,VAR,4.71,-0.9008048526814898,0.9008048526814898,0.8114493826145205
2023-12-31,2024-06-30,6,24,DGS2,3.36148579748924,VAR+Macro,4.71,-1.34851420251076,1.34851420251076,1.8184905543732308
2024-01-31,2024-07-31,6,24,DGS2,4.066813591063532,AR,4.29,-0.2231864089364679,0.2231864089364679,0.04981217313395628
2024-01-31,2024-07-31,6,24,DGS2,4.27,Random Walk,4.29,-0.020000000000000462,0.020000000000000462,0.00040000000000001845
2024-01-31,2024-07-31,6,24,DGS2,3.80589062895962,VAR,4.29,-0.4841093710403799,0.4841093710403799,0.2343618831291122
2024-01-31,2024-07-31,6,24,DGS2,3.35172368394911,VAR+Macro,4.29,-0.93827631605089,0.93827631605089,0.8803624452620297
2024-02-29,2024-08-31,6,24,DGS2,4.350015508192273,AR,3.91,0.440015508192273,0.440015508192273,0.19361364744970425
2024-02-29,2024-08-31,6,24,DGS2,4.64,Random Walk,3.91,0.7299999999999995,0.7299999999999995,0.5328999999999994
2024-02-29,2024-08-31,6,24,DGS2,4.4707857853215,VAR,3.91,0.5607857853214995,0.5607857853214995,0.3144806970186509
2024-02-29,2024-08-31,6,24,DGS2,4.02930094704481,VAR+Macro,3.91,0.11930094704480965,0.11930094704480965,0.014232715965788475
2024-03-31,2024-09-30,6,24,DGS2,4.348016356984152,AR,3.66,0.6880163569841518,0.6880163569841518,0.4733665074777437
2024-03-31,2024-09-30,6,24,DGS2,4.59,Random Walk,3.66,0.9299999999999997,0.9299999999999997,0.8648999999999994
2024-03-31,2024-09-30,6,24,DGS2,4.42841947260945,VAR,3.66,0.76841947260945,0.76841947260945,0.5904684858853853
2024-03-31,2024-09-30,6,24,DGS2,4.10536895612066,VAR+Macro,3.66,0.4453689561206602,0.4453689561206602,0.19835350707600655
2024-04-30,2024-10-31,6,24,DGS2,4.6378365968833,AR,4.16,0.47783659688330005,0.47783659688330005,0.2283278133210134
2024-04-30,2024-10-31,6,24,DGS2,5.04,Random Walk,4.16,0.8799999999999999,0.8799999999999999,0.7743999999999999
2024-04-30,2024-10-31,6,24,DGS2,5.06089047149744,VAR,4.16,0.9008904714974397,0.9008904714974397,0.8116036416348793
2024-04-30,2024-10-31,6,24,DGS2,4.67123367891345,VAR+Macro,4.16,0.5112336789134497,0.5112336789134497,0.2613598744553802
2024-05-31,2024-11-30,6,24,DGS2,4.527254549515566,AR,4.13,0.3972545495155657,0.3972545495155657,0.15781117711081505
2024-05-31,2024-11-30,6,24,DGS2,4.89,Random Walk,4.13,0.7599999999999998,0.7599999999999998,0.5775999999999997
2024-05-31,2024-11-30,6,24,DGS2,4.82656800536688,VAR,4.13,0.6965680053668803,0.6965680053668803,0.48520698610079427
2024-05-31,2024-11-30,6,24,DGS2,4.460535119752,VAR+Macro,4.13,0.3305351197519997,0.3305351197519997,0.10925346538946877
2024-06-30,2024-12-31,6,24,DGS2,4.402612433608807,AR,4.25,0.15261243360880705,0.15261243360880705,0.02329055489200254
2024-06-30,2024-12-31,6,24,DGS2,4.71,Random Walk,4.25,0.45999999999999996,0.45999999999999996,0.21159999999999995
2024-06-30,2024-12-31,6,24,DGS2,4.57279157665332,VAR,4.25,0.32279157665332026,0.32279157665332026,0.10419440195833633
2024-06-30,2024-12-31,6,24,DGS2,4.19744009872919,VAR+Macro,4.25,-0.05255990127080956,0.05255990127080956,0.0027625432215972485
2024-07-31,2025-01-31,6,24,DGS2,4.067203202589249,AR,4.22,-0.15279679741075114,0.15279679741075114,0.023346861298982127
2024-07-31,2025-01-31,6,24,DGS2,4.29,Random Walk,4.22,0.07000000000000028,0.07000000000000028,0.00490000000000004
2024-07-31,2025-01-31,6,24,DGS2,3.93486568104087,VAR,4.22,-0.28513431895912955,0.28513431895912955,0.08130157984828662
2024-07-31,2025-01-31,6,24,DGS2,3.62081405340954,VAR+Macro,4.22,-0.5991859465904597,0.5991859465904597,0.3590237985915052
2024-08-31,2025-02-28,6,24,DGS2,3.7717412743270273,AR,3.99,-0.2182587256729729,0.2182587256729729,0.047636871332390036
2024-08-31,2025-02-28,6,24,DGS2,3.91,Random Walk,3.99,-0.08000000000000007,0.08000000000000007,0.006400000000000012
2024-08-31,2025-02-28,6,24,DGS2,3.47028032804471,VAR,3.99,-0.5197196719552903,0.5197196719552903,0.2701085374173146
2024-08-31,2025-02-28,6,24,DGS2,3.07495053559593,VAR+Macro,3.99,-0.9150494644040701,0.9150494644040701,0.8373155223061756
2024-09-30,2025-03-31,6,24,DGS2,3.4740362409203627,AR,3.89,-0.41596375907963745,0.41596375907963745,0.17302584886766267
2024-09-30,2025-03-31,6,24,DGS2,3.66,Random Walk,3.89,-0.22999999999999998,0.22999999999999998,0.05289999999999999
2024-09-30,2025-03-31,6,24,DGS2,3.22436586416758,VAR,3.89,-0.6656341358324203,0.6656341358324203,0.4430688027853729
2024-09-30,2025-03-31,6,24,DGS2,2.83135431880493,VAR+Macro,3.89,-1.05864568119507,1.05864568119507,1.1207306783129738
2024-10-31,2025-04-30,6,24,DGS2,3.835404019841329,AR,3.6,0.23540401984132897,0.23540401984132897,0.0554150525574568
2024-10-31,2025-04-30,6,24,DGS2,4.16,Random Walk,3.6,0.56,0.56,0.31360000000000005
2024-10-31,2025-04-30,6,24,DGS2,3.97340921292376,VAR,3.6,0.37340921292376006,0.37340921292376006,0.13943444029634197
2024-10-31,2025-04-30,6,24,DGS2,3.57388500648601,VAR+Macro,3.6,-0.026114993513989937,0.026114993513989937,0.0006819928862357365
2024-11-30,2025-05-31,6,24,DGS2,3.820442917208857,AR,3.89,-0.06955708279114292,0.06955708279114292,0.0048381877664139105
2024-11-30,2025-05-31,6,24,DGS2,4.13,Random Walk,3.89,0.23999999999999977,0.23999999999999977,0.05759999999999989
2024-11-30,2025-05-31,6,24,DGS2,3.98149488469689,VAR,3.89,0.09149488469688993,0.09149488469688993,0.008371313925697184
2024-11-30,2025-05-31,6,24,DGS2,3.67635752145549,VAR+Macro,3.89,-0.2136424785445099,0.2136424785445099,0.04564310863864138
2024-12-31,2025-06-30,6,24,DGS2,3.8680818594161046,AR,3.72,0.1480818594161044,0.1480818594161044,0.021928237088130912
2024-12-31,2025-06-30,6,24,DGS2,4.25,Random Walk,3.72,0.5299999999999998,0.5299999999999998,0.2808999999999998
2024-12-31,2025-06-30,6,24,DGS2,4.10046738964177,VAR,3.72,0.3804673896417694,0.3804673896417694,0.144755434580822
2024-12-31,2025-06-30,6,24,DGS2,3.84884825416794,VAR+Macro,3.72,0.12884825416793966,0.12884825416793966,0.016601872602125978
2025-01-31,2025-07-31,6,24,DGS2,3.861479098586668,AR,3.94,-0.07852090141333212,0.07852090141333212,0.0061655319587622225
2025-01-31,2025-07-31,6,24,DGS2,4.22,Random Walk,3.94,0.2799999999999998,0.2799999999999998,0.07839999999999989
2025-01-31,2025-07-31,6,24,DGS2,4.07669736574193,VAR,3.94,0.13669736574193037,0.13669736574193037,0.018686169800783078
2025-01-31,2025-07-31,6,24,DGS2,3.86244565187541,VAR+Macro,3.94,-0.07755434812459017,0.07755434812459017,0.006014676913030122
2025-02-28,2025-08-31,6,24,DGS2,3.676863285562597,AR,3.59,0.08686328556259726,0.08686328556259726,0.007545230378729317
2025-02-28,2025-08-31,6,24,DGS2,3.99,Random Walk,3.59,0.40000000000000036,0.40000000000000036,0.16000000000000028
2025-02-28,2025-08-31,6,24,DGS2,3.8031589989057,VAR,3.59,0.21315899890570034,0.21315899890570034,0.04543675881448036
2025-02-28,2025-08-31,6,24,DGS2,3.57673563448244,VAR+Macro,3.59,-0.013264365517559717,0.013264365517559717,0.00017594339258342727
2025-03-31,2025-09-30,6,24,DGS2,3.599672738743449,AR,3.6,-0.0003272612565510258,0.0003272612565510258,1.0709993003935631e-07
2025-03-31,2025-09-30,6,24,DGS2,3.89,Random Walk,3.6,0.29000000000000004,0.29000000000000004,0.08410000000000002
2025-03-31,2025-09-30,6,24,DGS2,3.63021624177552,VAR,3.6,0.030216241775519848,0.030216241775519848,0.0009130212670366709
2025-03-31,2025-09-30,6,24,DGS2,3.36597204688343,VAR+Macro,3.6,-0.23402795311656988,0.23402795311656988,0.05476908283993143
2025-04-30,2025-10-31,6,24,DGS2,3.378329522087901,AR,3.6,-0.22167047791209926,0.22167047791209926,0.04913780077777849
2025-04-30,2025-10-31,6,24,DGS2,3.6,Random Walk,3.6,0.0,0.0,0.0
2025-04-30,2025-10-31,6,24,DGS2,3.16510645197217,VAR,3.6,-0.43489354802783,0.43489354802783,0.18913239811623447
2025-04-30,2025-10-31,6,24,DGS2,2.97891615973552,VAR+Macro,3.6,-0.6210838402644803,0.6210838402644803,0.38574513663767446
2025-05-31,2025-11-30,6,24,DGS2,3.61473736235786,AR,3.47,0.14473736235785983,0.14473736235785983,0.02094890406231042
2025-05-31,2025-11-30,6,24,DGS2,3.89,Random Walk,3.47,0.41999999999999993,0.41999999999999993,0.17639999999999995
2025-05-31,2025-11-30,6,24,DGS2,3.50977363734828,VAR,3.47,0.03977363734827977,0.03977363734827977,0.0015819422279124752
2025-05-31,2025-11-30,6,24,DGS2,3.33076470301389,VAR+Macro,3.47,-0.13923529698611015,0.13923529698611015,0.019386467926810293
2025-06-30,2025-12-31,6,24,DGS2,3.4727829084117747,AR,3.47,0.0027829084117745317,0.0027829084117745317,7.744579228325447e-06
2025-06-30,2025-12-31,6,24,DGS2,3.72,Random Walk,3.47,0.25,0.25,0.0625
2025-06-30,2025-12-31,6,24,DGS2,3.275984760588,VAR,3.47,-0.19401523941200027,0.19401523941200027,0.03764191312409578
2025-06-30,2025-12-31,6,24,DGS2,3.19106167261921,VAR+Macro,3.47,-0.27893832738079016,0.27893832738079016,0.07780659048199287
2023-07-31,2024-01-31,6,120,DGS10,3.965992009653218,AR,3.99,-0.024007990346782027,0.024007990346782027,0.000576383600491179
2023-07-31,2024-01-31,6,120,DGS10,3.97,Random Walk,3.99,-0.020000000000000018,0.020000000000000018,0.0004000000000000007
2023-07-31,2024-01-31,6,120,DGS10,3.85607168818504,VAR,3.99,-0.13392831181496012,0.13392831181496012,0.017936792705605185
2023-07-31,2024-01-31,6,120,DGS10,3.46602470843496,VAR+Macro,3.99,-0.5239752915650402,0.5239752915650402,0.2745501061706689
2023-08-31,2024-02-29,6,120,DGS10,4.064435844216284,AR,4.25,-0.185564155783716,0.185564155783716,0.034434055911723216
2023-08-31,2024-02-29,6,120,DGS10,4.09,Random Walk,4.25,-0.16000000000000014,0.16000000000000014,0.025600000000000046
2023-08-31,2024-02-29,6,120,DGS10,4.02960834817264,VAR,4.25,-0.2203916518273603,0.2203916518273603,0.04857248019519241
2023-08-31,2024-02-29,6,120,DGS10,3.71254470051151,VAR+Macro,4.25,-0.53745529948849,0.53745529948849,0.2888581989482625
2023-09-30,2024-03-31,6,120,DGS10,4.460427485301457,AR,4.2,0.26042748530145676,0.26042748530145676,0.06782247510044048
2023-09-30,2024-03-31,6,120,DGS10,4.59,Random Walk,4.2,0.3899999999999997,0.3899999999999997,0.15209999999999976
2023-09-30,2024-03-31,6,120,DGS10,4.67765306507675,VAR,4.2,0.47765306507674943,0.47765306507674943,0.22815245057721342
2023-09-30,2024-03-31,6,120,DGS10,4.39288629497601,VAR+Macro,4.2,0.1928862949760095,0.1928862949760095,0.03720512278957215
2023-10-31,2024-04-30,6,120,DGS10,4.722823328865152,AR,4.69,0.0328233288651516,0.0328233288651516,0.0010773709177898945
2023-10-31,2024-04-30,6,120,DGS10,4.88,Random Walk,4.69,0.1899999999999995,0.1899999999999995,0.03609999999999981
2023-10-31,2024-04-30,6,120,DGS10,5.02804029849907,VAR,4.69,0.33804029849906936,0.33804029849906936,0.11427124340933992
2023-10-31,2024-04-30,6,120,DGS10,4.75579889360642,VAR+Macro,4.69,0.06579889360642,0.06579889360642,0.004329494399828978
2023-11-30,2024-05-31,6,120,DGS10,4.257421957471006,AR,4.51,-0.2525780425289934,0.2525780425289934,0.063795667567778
2023-11-30,2024-05-31,6,120,DGS10,4.37,Random Walk,4.51,-0.13999999999999968,0.13999999999999968,0.01959999999999991
2023-11-30,2024-05-31,6,120,DGS10,4.3305345658324,VAR,4.51,-0.17946543416760008,0.17946543416760008,0.0322078420609652
2023-11-30,2024-05-31,6,120,DGS10,4.02075655771391,VAR+Macro,4.51,-0.4892434422860896,0.4892434422860896,0.2393591458199423
2023-12-31,2024-06-30,6,120,DGS10,3.830476754351683,AR,4.36,-0.5295232456483174,0.5295232456483174,0.28039486768192834
2023-12-31,2024-06-30,6,120,DGS10,3.88,Random Walk,4.36,-0.4800000000000004,0.4800000000000004,0.2304000000000004
2023-12-31,2024-06-30,6,120,DGS10,3.65468908505426,VAR,4.36,-0.7053109149457404,0.7053109149457404,0.4974634867415974
2023-12-31,2024-06-30,6,120,DGS10,3.34821602277887,VAR+Macro,4.36,-1.0117839772211301,1.0117839772211301,1.0237068165614083
2024-01-31,2024-07-31,6,120,DGS10,3.9281558816757616,AR,4.09,-0.16184411832423828,0.16184411832423828,0.02619351863615004
2024-01-31,2024-07-31,6,120,DGS10,3.99,Random Walk,4.09,-0.09999999999999964,0.09999999999999964,0.009999999999999929
2024-01-31,2024-07-31,6,120,DGS10,3.80861994017391,VAR,4.09,-0.2813800598260898,0.2813800598260898,0.07917473806773388
2024-01-31,2024-07-31,6,120,DGS10,3.50897564204638,VAR+Macro,4.09,-0.5810243579536198,0.5810243579536198,0.33758930453541613
2024-02-29,2024-08-31,6,120,DGS10,4.136964005171701,AR,3.91,0.226964005171701,0.226964005171701,0.05151265964357992
2024-02-29,2024-08-31,6,120,DGS10,4.25,Random Walk,3.91,0.33999999999999986,0.33999999999999986,0.1155999999999999
2024-02-29,2024-08-31,6,120,DGS10,4.2126837139992,VAR,3.91,0.30268371399920024,0.30268371399920024,0.09161743072034965
2024-02-29,2024-08-31,6,120,DGS10,3.94850730398892,VAR+Macro,3.91,0.03850730398891988,0.03850730398891988,0.0014828124604950852
2024-03-31,2024-09-30,6,120,DGS10,4.095648925793537,AR,3.81,0.2856489257935366,0.2856489257935366,0.08159530880700139
2024-03-31,2024-09-30,6,120,DGS10,4.2,Random Walk,3.81,0.3900000000000001,0.3900000000000001,0.1521000000000001
2024-03-31,2024-09-30,6,120,DGS10,4.14982316911751,VAR,3.81,0.33982316911750976,0.33982316911750976,0.11547978626906764
2024-03-31,2024-09-30,6,120,DGS10,3.94878034542214,VAR+Macro,3.81,0.1387803454221399,0.1387803454221399,0.01925998427548847
2024-04-30,2024-10-31,6,120,DGS10,4.508291156958954,AR,4.28,0.22829115695895386,0.22829115695895386,0.0521168523456577
2024-04-30,2024-10-31,6,120,DGS10,4.69,Random Walk,4.28,0.41000000000000014,0.41000000000000014,0.1681000000000001
2024-04-30,2024-10-31,6,120,DGS10,4.76529916837773,VAR,4.28,0.4852991683777299,0.4852991683777299,0.23551528282811623
2024-04-30,2024-10-31,6,120,DGS10,4.54350128096492,VAR+Macro,4.28,0.26350128096491954,0.26350128096491954,0.06943292507015347
2024-05-31,2024-11-30,6,120,DGS10,4.358791646036877,AR,4.18,0.1787916460368777,0.1787916460368777,0.03196645269257616
2024-05-31,2024-11-30,6,120,DGS10,4.51,Random Walk,4.18,0.33000000000000007,0.33000000000000007,0.10890000000000005
2024-05-31,2024-11-30,6,120,DGS10,4.54866316318336,VAR,4.18,0.3686631631833599,0.3686631631833599,0.13591252788836064
2024-05-31,2024-11-30,6,120,DGS10,4.34427701055974,VAR+Macro,4.18,0.16427701055973998,0.16427701055973998,0.02698693619844492
2024-06-30,2024-12-31,6,120,DGS10,4.228119925141049,AR,4.58,-0.35188007485895145,0.35188007485895145,0.12381958708274128
2024-06-30,2024-12-31,6,120,DGS10,4.36,Random Walk,4.58,-0.21999999999999975,0.21999999999999975,0.04839999999999989
2024-06-30,2024-12-31,6,120,DGS10,4.3534064025694,VAR,4.58,-0.22659359743060037,0.22659359743060037,0.05134465839654098
2024-06-30,2024-12-31,6,120,DGS10,4.15012281908584,VAR+Macro,4.58,-0.4298771809141604,0.4298771809141604,0.18479439067070577
2024-07-31,2025-01-31,6,120,DGS10,4.014448555705819,AR,4.58,-0.5655514442941811,0.5655514442941811,0.31984843614323427
2024-07-31,2025-01-31,6,120,DGS10,4.09,Random Walk,4.58,-0.4900000000000002,0.4900000000000002,0.2401000000000002
2024-07-31,2025-01-31,6,120,DGS10,4.00150732652424,VAR,4.58,-0.5784926734757603,0.5784926734757603,0.3346537732651326
2024-07-31,2025-01-31,6,120,DGS10,3.79110364641284,VAR+Macro,4.58,-0.7888963535871603,0.7888963535871603,0.6223574567031178
2024-08-31,2025-02-28,6,120,DGS10,3.8477536203209577,AR,4.24,-0.3922463796790425,0.3922463796790425,0.15385722237131558
2024-08-31,2025-02-28,6,120,DGS10,3.91,Random Walk,4.24,-0.33000000000000007,0.33000000000000007,0.10890000000000005
2024-08-31,2025-02-28,6,120,DGS10,3.75302786921908,VAR,4.24,-0.48697213078092005,0.48697213078092005,0.2371418561573095
2024-08-31,2025-02-28,6,120,DGS10,3.44317887550276,VAR+Macro,4.24,-0.7968211244972401,0.7968211244972401,0.6349239044450462
2024-09-30,2025-03-31,6,120,DGS10,3.7457091945558982,AR,4.23,-0.4842908054441022,0.4842908054441022,0.23453758423769724
2024-09-30,2025-03-31,6,120,DGS10,3.81,Random Walk,4.23,-0.4200000000000004,0.4200000000000004,0.1764000000000003
2024-09-30,2025-03-31,6,120,DGS10,3.66748177401313,VAR,4.23,-0.5625182259868704,0.5625182259868704,0.3164267545674158
2024-09-30,2025-03-31,6,120,DGS10,3.3739435613812,VAR+Macro,4.23,-0.8560564386188005,0.8560564386188005,0.7328326261007042
2024-10-31,2025-04-30,6,120,DGS10,4.124266926028097,AR,4.17,-0.04573307397190263,0.04573307397190263,0.0020915140549195173
2024-10-31,2025-04-30,6,120,DGS10,4.28,Random Walk,4.17,0.11000000000000032,0.11000000000000032,0.01210000000000007
2024-10-31,2025-04-30,6,120,DGS10,4.22164925101883,VAR,4.17,0.05164925101883,0.05164925101883,0.0026676451308061118
2024-10-31,2025-04-30,6,120,DGS10,3.93073691127542,VAR+Macro,4.17,-0.2392630887245799,0.2392630887245799,0.0572468256260262
2024-11-30,2025-05-31,6,120,DGS10,4.0322072791286265,AR,4.41,-0.3777927208713736,0.3777927208713736,0.14272733994339562
2024-11-30,2025-05-31,6,120,DGS10,4.18,Random Walk,4.41,-0.23000000000000043,0.23000000000000043,0.0529000000000002
2024-11-30,2025-05-31,6,120,DGS10,4.13575107701297,VAR,4.41,-0.27424892298702996,0.27424892298702996,0.07521247175954589
2024-11-30,2025-05-31,6,120,DGS10,3.94169881634442,VAR+Macro,4.41,-0.46830118365557993,0.46830118365557993,0.2193059986132172
2024-12-31,2025-06-30,6,120,DGS10,4.371809778940696,AR,4.24,0.13180977894069557,0.13180977894069557,0.01737381782439503
2024-12-31,2025-06-30,6,120,DGS10,4.58,Random Walk,4.24,0.33999999999999986,0.33999999999999986,0.1155999999999999
2024-12-31,2025-06-30,6,120,DGS10,4.50717970668663,VAR,4.24,0.2671797066866297,0.2671797066866297,0.07138499566515348
2024-12-31,2025-06-30,6,120,DGS10,4.34786027316286,VAR+Macro,4.24,0.10786027316285995,0.10786027316285995,0.011633838526766768
2025-01-31,2025-07-31,6,120,DGS10,4.38874043332484,AR,4.37,0.01874043332484021,0.01874043332484021,0.00035120384120278155
2025-01-31,2025-07-31,6,120,DGS10,4.58,Random Walk,4.37,0.20999999999999996,0.20999999999999996,0.044099999999999986
2025-01-31,2025-07-31,6,120,DGS10,4.51731432518307,VAR,4.37,0.14731432518306953,0.14731432518306953,0.021701510404143153
2025-01-31,2025-07-31,6,120,DGS10,4.3721319823292,VAR+Macro,4.37,0.0021319823291996443,0.0021319823291996443,4.54534865201954e-06
2025-02-28,2025-08-31,6,120,DGS10,4.093192053498269,AR,4.23,-0.13680794650173134,0.13680794650173134,0.018716414226020585
2025-02-28,2025-08-31,6,120,DGS10,4.24,Random Walk,4.23,0.009999999999999787,0.009999999999999787,9.999999999999574e-05
2025-02-28,2025-08-31,6,120,DGS10,4.18485019732506,VAR,4.23,-0.045149802674940176,0.045149802674940176,0.002038504681586035
2025-02-28,2025-08-31,6,120,DGS10,4.03815059932786,VAR+Macro,4.23,-0.1918494006721403,0.1918494006721403,0.036806192538259425
2025-03-31,2025-09-30,6,120,DGS10,4.110132620514634,AR,4.16,-0.04986737948536657,0.04986737948536657,0.0024867555367375587
2025-03-31,2025-09-30,6,120,DGS10,4.23,Random Walk,4.16,0.07000000000000028,0.07000000000000028,0.00490000000000004
2025-03-31,2025-09-30,6,120,DGS10,4.16415265881596,VAR,4.16,0.004152658815959498,0.004152658815959498,1.724457524176614e-05
2025-03-31,2025-09-30,6,120,DGS10,4.01498003649503,VAR+Macro,4.16,-0.14501996350497048,0.14501996350497048,0.02103078981498297
2025-04-30,2025-10-31,6,120,DGS10,4.078010194357142,AR,4.11,-0.03198980564285847,0.03198980564285847,0.0010233476650678597
2025-04-30,2025-10-31,6,120,DGS10,4.17,Random Walk,4.11,0.05999999999999961,0.05999999999999961,0.003599999999999953
2025-04-30,2025-10-31,6,120,DGS10,4.03469894381333,VAR,4.11,-0.07530105618667005,0.07530105618667005,0.005670249062828039
2025-04-30,2025-10-31,6,120,DGS10,3.92068660266163,VAR+Macro,4.11,-0.1893133973383705,0.1893133973383705,0.03583956241179574
2025-05-31,2025-11-30,6,120,DGS10,4.312923305108149,AR,4.02,0.29292330510814946,0.29292330510814946,0.08580406267548202
2025-05-31,2025-11-30,6,120,DGS10,4.41,Random Walk,4.02,0.39000000000000057,0.39000000000000057,0.15210000000000046
2025-05-31,2025-11-30,6,120,DGS10,4.31795469088662,VAR,4.02,0.29795469088662063,0.29795469088662063,0.08877699782134166
2025-05-31,2025-11-30,6,120,DGS10,4.23292400472002,VAR+Macro,4.02,0.21292400472002004,0.21292400472002004,0.04533663178601112
2025-06-30,2025-12-31,6,120,DGS10,4.169949813689443,AR,4.18,-0.010050186310556875,0.010050186310556875,0.0001010062448769048
2025-06-30,2025-12-31,6,120,DGS10,4.24,Random Walk,4.18,0.0600000000000005,0.0600000000000005,0.0036000000000000597
2025-06-30,2025-12-31,6,120,DGS10,4.13871457980216,VAR,4.18,-0.04128542019783943,0.04128542019783943,0.0017044859209121679
2025-06-30,2025-12-31,6,120,DGS10,4.08595131108307,VAR+Macro,4.18,-0.09404868891692963,0.09404868891692963,0.008845155886993403
2023-01-31,2024-01-31,12,12,DGS1,4.4188040245053735,AR,4.73,-0.31119597549462696,0.31119597549462696,0.09684293516405247
2023-01-31,2024-01-31,12,12,DGS1,4.68,Random Walk,4.73,-0.05000000000000071,0.05000000000000071,0.002500000000000071
2023-01-31,2024-01-31,12,12,DGS1,3.10741631579493,VAR,4.73,-1.6225836842050705,1.6225836842050705,2.6327778122485
2023-01-31,2024-01-31,12,12,DGS1,2.68614376263844,VAR+Macro,4.73,-2.0438562373615605,2.0438562373615605,4.177348319001756
2023-02-28,2024-02-29,12,12,DGS1,4.671377582702125,AR,5.01,-0.33862241729787446,0.33862241729787446,0.11466514149665583
2023-02-28,2024-02-29,12,12,DGS1,5.02,Random Walk,5.01,0.009999999999999787,0.009999999999999787,9.999999999999574e-05
2023-02-28,2024-02-29,12,12,DGS1,5.25768929319918,VAR,5.01,0.24768929319917987,0.24768929319917987,0.06134998596550929
2023-02-28,2024-02-29,12,12,DGS1,4.11667021805853,VAR+Macro,5.01,-0.8933297819414694,0.8933297819414694,0.7980380993035933
2023-03-31,2024-03-31,12,12,DGS1,4.473096145940469,AR,5.03,-0.5569038540595317,0.5569038540595317,0.31014190266636016
2023-03-31,2024-03-31,12,12,DGS1,4.64,Random Walk,5.03,-0.39000000000000057,0.39000000000000057,0.15210000000000046
2023-03-31,2024-03-31,12,12,DGS1,2.96164428034054,VAR,5.03,-2.0683557196594604,2.0683557196594604,4.278095383048004
2023-03-31,2024-03-31,12,12,DGS1,1.80531640813864,VAR+Macro,5.03,-3.2246835918613606,3.2246835918613606,10.398584267619885
2023-04-30,2024-04-30,12,12,DGS1,4.737226206018067,AR,5.25,-0.5127737939819328,0.5127737939819328,0.26293696379462567
2023-04-30,2024-04-30,12,12,DGS1,4.8,Random Walk,5.25,-0.4500000000000002,0.4500000000000002,0.20250000000000015
2023-04-30,2024-04-30,12,12,DGS1,2.85866418500182,VAR,5.25,-2.39133581499818,2.39133581499818,5.718486980093009
2023-04-30,2024-04-30,12,12,DGS1,1.93189029336156,VAR+Macro,5.25,-3.31810970663844,3.31810970663844,11.009852025288234
2023-05-31,2024-05-31,12,12,DGS1,5.201922750280875,AR,5.18,0.021922750280875647,0.021922750280875647,0.00048060697987763326
2023-05-31,2024-05-31,12,12,DGS1,5.18,Random Walk,5.18,0.0,0.0,0.0
2023-05-31,2024-05-31,12,12,DGS1,3.89490007276658,VAR,5.18,-1.2850999272334196,1.2850999272334196,1.6514818229753403
2023-05-31,2024-05-31,12,12,DGS1,2.28355841603599,VAR+Macro,5.18,-2.89644158396401,2.89644158396401,8.389373849315943
2023-06-30,2024-06-30,12,12,DGS1,5.188627279310285,AR,5.09,0.0986272793102847,0.0986272793102847,0.009727340224148912
2023-06-30,2024-06-30,12,12,DGS1,5.4,Random Walk,5.09,0.3100000000000005,0.3100000000000005,0.09610000000000031
2023-06-30,2024-06-30,12,12,DGS1,5.75097853145239,VAR,5.09,0.6609785314523897,0.6609785314523897,0.4368926190409577
2023-06-30,2024-06-30,12,12,DGS1,3.25148687536918,VAR+Macro,5.09,-1.8385131246308197,1.8385131246308197,3.38013050943978
2023-07-31,2024-07-31,12,12,DGS1,5.118599346182887,AR,4.73,0.38859934618288694,0.38859934618288694,0.1510094518537672
2023-07-31,2024-07-31,12,12,DGS1,5.37,Random Walk,4.73,0.6399999999999997,0.6399999999999997,0.4095999999999996
2023-07-31,2024-07-31,12,12,DGS1,5.5367632214136,VAR,4.73,0.8067632214135996,0.8067632214135996,0.6508668954256487
2023-07-31,2024-07-31,12,12,DGS1,3.3594041593822,VAR+Macro,4.73,-1.3705958406178005,1.3705958406178005,1.878532958318815
2023-08-31,2024-08-31,12,12,DGS1,4.970805043950035,AR,4.38,0.5908050439500352,0.5908050439500352,0.349050599956803
2023-08-31,2024-08-31,12,12,DGS1,5.37,Random Walk,4.38,0.9900000000000002,0.9900000000000002,0.9801000000000004
2023-08-31,2024-08-31,12,12,DGS1,5.34991016005249,VAR,4.38,0.96991016005249,0.96991016005249,0.9407257185730468
2023-08-31,2024-08-31,12,12,DGS1,3.69515069854887,VAR+Macro,4.38,-0.6848493014511301,0.6848493014511301,0.46901856569810085
2023-09-30,2024-09-30,12,12,DGS1,4.770754914782225,AR,3.98,0.7907549147822253,0.7907549147822253,0.6252933352522443
2023-09-30,2024-09-30,12,12,DGS1,5.46,Random Walk,3.98,1.48,1.48,2.1904
2023-09-30,2024-09-30,12,12,DGS1,5.57977319319729,VAR,3.98,1.5997731931972896,1.5997731931972896,2.5592742696726525
2023-09-30,2024-09-30,12,12,DGS1,4.04426337750759,VAR+Macro,3.98,0.06426337750758959,0.06426337750758959,0.004129781688682972
2023-10-31,2024-10-31,12,12,DGS1,4.734254879718352,AR,4.27,0.4642548797183528,0.4642548797183528,0.2155325933423022
2023-10-31,2024-10-31,12,12,DGS1,5.44,Random Walk,4.27,1.1700000000000008,1.1700000000000008,1.368900000000002
2023-10-31,2024-10-31,12,12,DGS1,5.5377304629138,VAR,4.27,1.2677304629138,1.2677304629138,1.6071405265996377
2023-10-31,2024-10-31,12,12,DGS1,3.93264538319127,VAR+Macro,4.27,-0.33735461680872936,0.33735461680872936,0.11380813748216462
2023-11-30,2024-11-30,12,12,DGS1,4.6036697229494425,AR,4.3,0.3036697229494427,0.3036697229494427,0.0922153006361913
2023-11-30,2024-11-30,12,12,DGS1,5.16,Random Walk,4.3,0.8600000000000003,0.8600000000000003,0.7396000000000006
2023-11-30,2024-11-30,12,12,DGS1,4.77242386783048,VAR,4.3,0.4724238678304804,0.4724238678304804,0.22318431089591123
2023-11-30,2024-11-30,12,12,DGS1,3.35179013363744,VAR+Macro,4.3,-0.9482098663625598,0.9482098663625598,0.8991019506673035
2023-12-31,2024-12-31,12,12,DGS1,4.579474138930431,AR,4.16,0.41947413893043084,0.41947413893043084,0.1759585532314264
2023-12-31,2024-12-31,12,12,DGS1,4.79,Random Walk,4.16,0.6299999999999999,0.6299999999999999,0.39689999999999986
2023-12-31,2024-12-31,12,12,DGS1,3.92292670931429,VAR,4.16,-0.23707329068571026,0.23707329068571026,0.05620374515655127
2023-12-31,2024-12-31,12,12,DGS1,2.84721051447441,VAR+Macro,4.16,-1.31278948552559,1.31278948552559,1.723416233306543
2024-01-31,2025-01-31,12,12,DGS1,4.468694316924306,AR,4.17,0.2986943169243057,0.2986943169243057,0.08921829496287757
2024-01-31,2025-01-31,12,12,DGS1,4.73,Random Walk,4.17,0.5600000000000005,0.5600000000000005,0.31360000000000054
2024-01-31,2025-01-31,12,12,DGS1,3.88042408807493,VAR,4.17,-0.2895759119250698,0.2895759119250698,0.08385420876723579
2024-01-31,2025-01-31,12,12,DGS1,2.80426002060919,VAR+Macro,4.17,-1.3657399793908098,1.3657399793908098,1.8652456913064097
2024-02-29,2025-02-28,12,12,DGS1,4.571692697214274,AR,4.08,0.49169269721427433,0.49169269721427433,0.24176170849384807
2024-02-29,2025-02-28,12,12,DGS1,5.01,Random Walk,4.08,0.9299999999999997,0.9299999999999997,0.8648999999999994
2024-02-29,2025-02-28,12,12,DGS1,4.81020054460359,VAR,4.08,0.7302005446035897,0.7302005446035897,0.533192835339379
2024-02-29,2025-02-28,12,12,DGS1,3.69885618077575,VAR+Macro,4.08,-0.38114381922425,0.38114381922425,0.14527061093284777
2024-03-31,2025-03-31,12,12,DGS1,4.626803689254901,AR,4.03,0.5968036892549007,0.5968036892549007,0.35617464350826006
2024-03-31,2025-03-31,12,12,DGS1,5.03,Random Walk,4.03,1.0,1.0,1.0
2024-03-31,2025-03-31,12,12,DGS1,4.76931873293223,VAR,4.03,0.7393187329322295,0.7393187329322295,0.5465921888645173
2024-03-31,2025-03-31,12,12,DGS1,3.90942869881589,VAR+Macro,4.03,-0.12057130118411008,0.12057130118411008,0.014537438669229385
2024-04-30,2025-04-30,12,12,DGS1,4.6261707772066725,AR,3.85,0.7761707772066724,0.7761707772066724,0.6024410753896099
2024-04-30,2025-04-30,12,12,DGS1,5.25,Random Walk,3.85,1.4,1.4,1.9599999999999997
2024-04-30,2025-04-30,12,12,DGS1,5.55122281639639,VAR,3.85,1.7012228163963896,1.7012228163963896,2.894159071027664
2024-04-30,2025-04-30,12,12,DGS1,4.5482512032207,VAR+Macro,3.85,0.6982512032207002,0.6982512032207002,0.4875547427991556
2024-05-31,2025-05-31,12,12,DGS1,4.618022191616073,AR,4.11,0.5080221916160728,0.5080221916160728,0.2580865471743978
2024-05-31,2025-05-31,12,12,DGS1,5.18,Random Walk,4.11,1.0699999999999994,1.0699999999999994,1.1448999999999987
2024-05-31,2025-05-31,12,12,DGS1,5.24999677792876,VAR,4.11,1.1399967779287596,1.1399967779287596,1.2995926536879536
2024-05-31,2025-05-31,12,12,DGS1,4.29622906357627,VAR+Macro,4.11,0.18622906357626956,0.18622906357626956,0.03468126412049425
2024-06-30,2025-06-30,12,12,DGS1,4.589447172429412,AR,3.96,0.629447172429412,0.629447172429412,0.39620374287938187
2024-06-30,2025-06-30,12,12,DGS1,5.09,Random Walk,3.96,1.13,1.13,1.2768999999999997
2024-06-30,2025-06-30,12,12,DGS1,4.9219469768168,VAR,3.96,0.9619469768168001,0.9619469768168001,0.9253419862069813
2024-06-30,2025-06-30,12,12,DGS1,3.94950628126229,VAR+Macro,3.96,-0.0104937187377101,0.0104937187377101,0.00011011813294616806
2024-07-31,2025-07-31,12,12,DGS1,4.411787101227145,AR,4.1,0.3117871012271456,0.3117871012271456,0.09721119649162634
2024-07-31,2025-07-31,12,12,DGS1,4.73,Random Walk,4.1,0.6300000000000008,0.6300000000000008,0.396900000000001
2024-07-31,2025-07-31,12,12,DGS1,4.07583378616252,VAR,4.1,-0.02416621383747941,0.02416621383747941,0.0005840058912387814
2024-07-31,2025-07-31,12,12,DGS1,3.31802875986632,VAR+Macro,4.1,-0.7819712401336796,0.7819712401336796,0.6114790203962047
2024-08-31,2025-08-31,12,12,DGS1,4.16386265294763,AR,3.83,0.33386265294763007,0.33386265294763007,0.11146427103322969
2024-08-31,2025-08-31,12,12,DGS1,4.38,Random Walk,3.83,0.5499999999999998,0.5499999999999998,0.3024999999999998
2024-08-31,2025-08-31,12,12,DGS1,3.47068905864968,VAR,3.83,-0.35931094135032016,0.35931094135032016,0.1291043525740532
2024-08-31,2025-08-31,12,12,DGS1,2.69830844478595,VAR+Macro,3.83,-1.1316915552140498,1.1316915552140498,1.2807257761427948
2024-09-30,2025-09-30,12,12,DGS1,3.7203051505884432,AR,3.68,0.040305150588443084,0.040305150588443084,0.0016245051639570739
2024-09-30,2025-09-30,12,12,DGS1,3.98,Random Walk,3.68,0.2999999999999998,0.2999999999999998,0.0899999999999999
2024-09-30,2025-09-30,12,12,DGS1,3.15322199805621,VAR,3.68,-0.5267780019437902,0.5267780019437902,0.27749506333189183
2024-09-30,2025-09-30,12,12,DGS1,2.42654160399606,VAR+Macro,3.68,-1.25345839600394,1.25345839600394,1.5711579505127702
2024-10-31,2025-10-31,12,12,DGS1,3.778364760168715,AR,3.7,0.07836476016871474,0.07836476016871474,0.0061410356363001805
2024-10-31,2025-10-31,12,12,DGS1,4.27,Random Walk,3.7,0.5699999999999994,0.5699999999999994,0.3248999999999993
2024-10-31,2025-10-31,12,12,DGS1,4.0624243893695,VAR,3.7,0.36242438936950006,0.36242438936950006,0.131351438009855
2024-10-31,2025-10-31,12,12,DGS1,3.32840836528124,VAR+Macro,3.7,-0.3715916347187602,0.3715916347187602,0.13808034299296051
2024-11-30,2025-11-30,12,12,DGS1,3.7815352363608334,AR,3.61,0.17153523636083357,0.17153523636083357,0.02942433731336704
2024-11-30,2025-11-30,12,12,DGS1,4.3,Random Walk,3.61,0.69,0.69,0.4760999999999999
2024-11-30,2025-11-30,12,12,DGS1,4.10645491523482,VAR,3.61,0.4964549152348199,0.4964549152348199,0.2464674828608122
2024-11-30,2025-11-30,12,12,DGS1,3.44534295153253,VAR+Macro,3.61,-0.1646570484674701,0.1646570484674701,0.027111943610018795
2024-12-31,2025-12-31,12,12,DGS1,3.634005718512164,AR,3.48,0.15400571851216416,0.15400571851216416,0.023717761334447942
2024-12-31,2025-12-31,12,12,DGS1,4.16,Random Walk,3.48,0.6800000000000002,0.6800000000000002,0.4624000000000002
2024-12-31,2025-12-31,12,12,DGS1,4.14913881372239,VAR,3.48,0.6691388137223897,0.6691388137223897,0.44774675202980696
2024-12-31,2025-12-31,12,12,DGS1,3.6272989167742,VAR+Macro,3.48,0.14729891677419982,0.14729891677419982,0.021696970882852645
2023-01-31,2024-01-31,12,24,DGS2,3.98940867841577,AR,4.27,-0.2805913215842297,0.2805913215842297,0.07873148974838462
2023-01-31,2024-01-31,12,24,DGS2,4.21,Random Walk,4.27,-0.05999999999999961,0.05999999999999961,0.003599999999999953
2023-01-31,2024-01-31,12,24,DGS2,2.44650209962386,VAR,4.27,-1.8234979003761396,1.8234979003761396,3.3251445926761893
2023-01-31,2024-01-31,12,24,DGS2,2.06814346437426,VAR+Macro,4.27,-2.2018565356257396,2.2018565356257396,4.848172203477784
2023-02-28,2024-02-29,12,24,DGS2,4.381181518021131,AR,4.64,-0.25881848197886903,0.25881848197886903,0.06698700661384616
2023-02-28,2024-02-29,12,24,DGS2,4.81,Random Walk,4.64,0.16999999999999993,0.16999999999999993,0.028899999999999974
2023-02-28,2024-02-29,12,24,DGS2,4.58980859117604,VAR,4.64,-0.05019140882395945,0.05019140882395945,0.0025191775197338346
2023-02-28,2024-02-29,12,24,DGS2,3.56412025379339,VAR+Macro,4.64,-1.0758797462066099,1.0758797462066099,1.1575172282975992
2023-03-31,2024-03-31,12,24,DGS2,3.952735819542724,AR,4.59,-0.6372641804572758,0.6372641804572758,0.4061056356938834
2023-03-31,2024-03-31,12,24,DGS2,4.06,Random Walk,4.59,-0.5300000000000002,0.5300000000000002,0.28090000000000026
2023-03-31,2024-03-31,12,24,DGS2,2.35117847326724,VAR,4.59,-2.23882152673276,2.23882152673276,5.012321828562006
2023-03-31,2024-03-31,12,24,DGS2,1.34945766148983,VAR+Macro,4.59,-3.2405423385101697,3.2405423385101697,10.501114647676959
2023-04-30,2024-04-30,12,24,DGS2,4.091500225017072,AR,5.04,-0.9484997749829285,0.9484997749829285,0.899651823142666
2023-04-30,2024-04-30,12,24,DGS2,4.04,Random Walk,5.04,-1.0,1.0,1.0
2023-04-30,2024-04-30,12,24,DGS2,2.15757605062832,VAR,5.04,-2.88242394937168,2.88242394937168,8.308367823911434
2023-04-30,2024-04-30,12,24,DGS2,1.33684655220562,VAR+Macro,5.04,-3.7031534477943797,3.7031534477943797,13.713345457911402
2023-05-31,2024-05-31,12,24,DGS2,4.471031067148333,AR,4.89,-0.4189689328516666,0.4189689328516666,0.1755349666948643
2023-05-31,2024-05-31,12,24,DGS2,4.4,Random Walk,4.89,-0.4899999999999993,0.4899999999999993,0.24009999999999934
2023-05-31,2024-05-31,12,24,DGS2,3.00476366096965,VAR,4.89,-1.8852363390303495,1.8852363390303495,3.5541160540005547
2023-05-31,2024-05-31,12,24,DGS2,1.57640194800048,VAR+Macro,4.89,-3.3135980519995196,3.3135980519995196,10.97993205021501
2023-06-30,2024-06-30,12,24,DGS2,4.648692236966585,AR,4.71,-0.06130776303341534,0.06130776303341534,0.0037586418081614085
2023-06-30,2024-06-30,12,24,DGS2,4.87,Random Walk,4.71,0.16000000000000014,0.16000000000000014,0.025600000000000046
2023-06-30,2024-06-30,12,24,DGS2,4.97793827208576,VAR,4.71,0.26793827208576015,0.26793827208576015,0.07179091764830284
2023-06-30,2024-06-30,12,24,DGS2,2.74683987055049,VAR+Macro,4.71,-1.96316012944951,1.96316012944951,3.853997693860217
2023-07-31,2024-07-31,12,24,DGS2,4.579991212220299,AR,4.29,0.2899912122202988,0.2899912122202988,0.08409490316499836
2023-07-31,2024-07-31,12,24,DGS2,4.88,Random Walk,4.29,0.5899999999999999,0.5899999999999999,0.34809999999999985
2023-07-31,2024-07-31,12,24,DGS2,4.7885851572633,VAR,4.29,0.49858515726329955,0.49858515726329955,0.24858715904326914
2023-07-31,2024-07-31,12,24,DGS2,2.8412242478143,VAR+Macro,4.29,-1.4487757521856999,1.4487757521856999,2.0989511801212406
2023-08-31,2024-08-31,12,24,DGS2,4.4753719549821005,AR,3.91,0.5653719549821004,0.5653719549821004,0.3196454474802821
2023-08-31,2024-08-31,12,24,DGS2,4.85,Random Walk,3.91,0.9399999999999995,0.9399999999999995,0.883599999999999
2023-08-31,2024-08-31,12,24,DGS2,4.65927697778302,VAR,3.91,0.7492769777830199,0.7492769777830199,0.5614159894356562
2023-08-31,2024-08-31,12,24,DGS2,3.17636101935237,VAR+Macro,3.91,-0.7336389806476302,0.7336389806476302,0.538226153925694
2023-09-30,2024-09-30,12,24,DGS2,4.428203016335124,AR,3.66,0.7682030163351241,0.7682030163351241,0.5901358743063829
2023-09-30,2024-09-30,12,24,DGS2,5.03,Random Walk,3.66,1.37,1.37,1.8769000000000002
2023-09-30,2024-09-30,12,24,DGS2,4.97468454371188,VAR,3.66,1.3146845437118797,1.3146845437118797,1.7283954494749134
2023-09-30,2024-09-30,12,24,DGS2,3.59837294866745,VAR+Macro,3.66,-0.06162705133255031,0.06162705133255031,0.0037978934559447907
2023-10-31,2024-10-31,12,24,DGS2,4.456795638569884,AR,4.16,0.29679563856988356,0.29679563856988356,0.08808765107410495
2023-10-31,2024-10-31,12,24,DGS2,5.07,Random Walk,4.16,0.9100000000000001,0.9100000000000001,0.8281000000000003
2023-10-31,2024-10-31,12,24,DGS2,4.99867025464712,VAR,4.16,0.8386702546471199,0.8386702546471199,0.7033677960298649
2023-10-31,2024-10-31,12,24,DGS2,3.56229167949814,VAR+Macro,4.16,-0.5977083205018601,0.5977083205018601,0.3572552363971543
2023-11-30,2024-11-30,12,24,DGS2,4.207261467430175,AR,4.13,0.07726146743017548,0.07726146743017548,0.005969334349464066
2023-11-30,2024-11-30,12,24,DGS2,4.73,Random Walk,4.13,0.6000000000000005,0.6000000000000005,0.36000000000000065
2023-11-30,2024-11-30,12,24,DGS2,4.24715930098646,VAR,4.13,0.11715930098645977,0.11715930098645977,0.013726301807635873
2023-11-30,2024-11-30,12,24,DGS2,2.9757696873126,VAR+Macro,4.13,-1.1542303126874,1.1542303126874,1.3322476147264533
2023-12-31,2024-12-31,12,24,DGS2,4.022519624583197,AR,4.25,-0.22748037541680333,0.22748037541680333,0.051747321199769776
2023-12-31,2024-12-31,12,24,DGS2,4.23,Random Walk,4.25,-0.019999999999999574,0.019999999999999574,0.00039999999999998294
2023-12-31,2024-12-31,12,24,DGS2,3.40132722000782,VAR,4.25,-0.8486727799921798,0.8486727799921798,0.7202454874996549
2023-12-31,2024-12-31,12,24,DGS2,2.43307753753119,VAR+Macro,4.25,-1.8169224624688098,1.8169224624688098,3.301207234623724
2024-01-31,2025-01-31,12,24,DGS2,3.955293303300035,AR,4.22,-0.2647066966999647,0.2647066966999647,0.07006963527780712
2024-01-31,2025-01-31,12,24,DGS2,4.27,Random Walk,4.22,0.04999999999999982,0.04999999999999982,0.0024999999999999823
2024-01-31,2025-01-31,12,24,DGS2,3.38345431821715,VAR,4.22,-0.8365456817828498,0.8365456817828498,0.699808677709533
2024-01-31,2025-01-31,12,24,DGS2,2.41642183955561,VAR+Macro,4.22,-1.8035781604443897,1.8035781604443897,3.2528941808319685
2024-02-29,2025-02-28,12,24,DGS2,4.161981806260545,AR,3.99,0.17198180626054516,0.17198180626054516,0.02957774168463969
2024-02-29,2025-02-28,12,24,DGS2,4.64,Random Walk,3.99,0.6499999999999995,0.6499999999999995,0.4224999999999993
2024-02-29,2025-02-28,12,24,DGS2,4.3006792756794,VAR,3.99,0.3106792756793997,0.3106792756793997,0.09652161233667643
2024-02-29,2025-02-28,12,24,DGS2,3.30909719030014,VAR+Macro,3.99,-0.6809028096998602,0.6809028096998602,0.463628636257164
2024-03-31,2025-03-31,12,24,DGS2,4.181360191518232,AR,3.89,0.291360191518232,0.291360191518232,0.08489076120154083
2024-03-31,2025-03-31,12,24,DGS2,4.59,Random Walk,3.89,0.6999999999999997,0.6999999999999997,0.4899999999999996
2024-03-31,2025-03-31,12,24,DGS2,4.25293540985848,VAR,3.89,0.3629354098584803,0.3629354098584803,0.13172211172914305
2024-03-31,2025-03-31,12,24,DGS2,3.48390064222385,VAR+Macro,3.89,-0.40609935777615025,0.40609935777615025,0.1649166883862017
2024-04-30,2025-04-30,12,24,DGS2,4.360632848227727,AR,3.6,0.7606328482277269,0.7606328482277269,0.5785623298030242
2024-04-30,2025-04-30,12,24,DGS2,5.04,Random Walk,3.6,1.44,1.44,2.0736
2024-04-30,2025-04-30,12,24,DGS2,5.0656383638365,VAR,3.6,1.4656383638365003,1.4656383638365003,2.1480958135493333
2024-04-30,2025-04-30,12,24,DGS2,4.17340379471725,VAR+Macro,3.6,0.5734037947172497,0.5734037947172497,0.3287919117961418
2024-05-31,2025-05-31,12,24,DGS2,4.287366407630589,AR,3.89,0.39736640763058917,0.39736640763058917,0.15790006191323955
2024-05-31,2025-05-31,12,24,DGS2,4.89,Random Walk,3.89,0.9999999999999996,0.9999999999999996,0.9999999999999991
2024-05-31,2025-05-31,12,24,DGS2,4.76942155171952,VAR,3.89,0.8794215517195201,0.8794215517195201,0.7733822656287686
2024-05-31,2025-05-31,12,24,DGS2,3.91959869271589,VAR+Macro,3.89,0.029598692715889996,0.029598692715889996,0.0008760826104896795
2024-06-30,2025-06-30,12,24,DGS2,4.201213735431667,AR,3.72,0.48121373543166657,0.48121373543166657,0.231566659168098
2024-06-30,2025-06-30,12,24,DGS2,4.71,Random Walk,3.72,0.9899999999999998,0.9899999999999998,0.9800999999999995
2024-06-30,2025-06-30,12,24,DGS2,4.45112234894011,VAR,3.72,0.7311223489401102,0.7311223489401102,0.5345398891197043
2024-06-30,2025-06-30,12,24,DGS2,3.58383749063999,VAR+Macro,3.72,-0.1361625093600103,0.1361625093600103,0.01854022895521489
2024-07-31,2025-07-31,12,24,DGS2,3.937526547343169,AR,3.94,-0.0024734526568308546,0.0024734526568308546,6.117968045583613e-06
2024-07-31,2025-07-31,12,24,DGS2,4.29,Random Walk,3.94,0.3500000000000001,0.3500000000000001,0.12250000000000007
2024-07-31,2025-07-31,12,24,DGS2,3.64532738136905,VAR,3.94,-0.29467261863094985,0.29467261863094985,0.08683195217082121
2024-07-31,2025-07-31,12,24,DGS2,2.96736364965812,VAR+Macro,3.94,-0.97263635034188,0.97263635034188,0.9460214700063724
2024-08-31,2025-08-31,12,24,DGS2,3.677393998149164,AR,3.59,0.08739399814916426,0.08739399814916426,0.007637710912496127
2024-08-31,2025-08-31,12,24,DGS2,3.91,Random Walk,3.59,0.3200000000000003,0.3200000000000003,0.10240000000000019
2024-08-31,2025-08-31,12,24,DGS2,3.09441820949092,VAR,3.59,-0.49558179050908,0.49558179050908,0.24560131108418568
2024-08-31,2025-08-31,12,24,DGS2,2.40463814776075,VAR+Macro,3.59,-1.1853618522392497,1.1853618522392497,1.4050827207440648
2024-09-30,2025-09-30,12,24,DGS2,3.355718672581955,AR,3.6,-0.2442813274180451,0.2442813274180451,0.05967336692512215
2024-09-30,2025-09-30,12,24,DGS2,3.66,Random Walk,3.6,0.06000000000000005,0.06000000000000005,0.0036000000000000064
2024-09-30,2025-09-30,12,24,DGS2,2.8738431283711,VAR,3.6,-0.7261568716289002,0.7261568716289002,0.5273038022138711
2024-09-30,2025-09-30,12,24,DGS2,2.23298161362716,VAR+Macro,3.6,-1.3670183863728402,1.3670183863728402,1.868739268681404
2024-10-31,2025-10-31,12,24,DGS2,3.604217788078056,AR,3.6,0.00421778807805584,0.00421778807805584,1.7789736271389975e-05
2024-10-31,2025-10-31,12,24,DGS2,4.16,Random Walk,3.6,0.56,0.56,0.31360000000000005
2024-10-31,2025-10-31,12,24,DGS2,3.77374766827755,VAR,3.6,0.17374766827754984,0.17374766827754984,0.0301882522318855
2024-10-31,2025-10-31,12,24,DGS2,3.14345877909978,VAR+Macro,3.6,-0.45654122090022,0.45654122090022,0.20842988638106347
2024-11-30,2025-11-30,12,24,DGS2,3.5959477414712127,AR,3.47,0.12594774147121246,0.12594774147121246,0.015862833581699372
2024-11-30,2025-11-30,12,24,DGS2,4.13,Random Walk,3.47,0.6599999999999997,0.6599999999999997,0.4355999999999996
2024-11-30,2025-11-30,12,24,DGS2,3.81443019663454,VAR,3.47,0.3444301966345398,0.3444301966345398,0.11863216035370773
2024-11-30,2025-11-30,12,24,DGS2,3.24110401113257,VAR+Macro,3.47,-0.22889598886743023,0.22889598886743023,0.05239337371959875
2024-12-31,2025-12-31,12,24,DGS2,3.601839263860209,AR,3.47,0.1318392638602086,0.1318392638602086,0.017381591495201708
2024-12-31,2025-12-31,12,24,DGS2,4.25,Random Walk,3.47,0.7799999999999998,0.7799999999999998,0.6083999999999997
2024-12-31,2025-12-31,12,24,DGS2,3.91769606451129,VAR,3.47,0.44769606451128974,0.44769606451128974,0.2004317661788969
2024-12-31,2025-12-31,12,24,DGS2,3.47318673587895,VAR+Macro,3.47,0.003186735878949687,0.003186735878949687,1.0155285562185233e-05
2023-01-31,2024-01-31,12,120,DGS10,3.5002980536466994,AR,3.99,-0.4897019463533008,0.4897019463533008,0.23980799626221108
2023-01-31,2024-01-31,12,120,DGS10,3.52,Random Walk,3.99,-0.4700000000000002,0.4700000000000002,0.22090000000000018
2023-01-31,2024-01-31,12,120,DGS10,1.86055889645367,VAR,3.99,-2.1294411035463305,2.1294411035463305,4.534519413472614
2023-01-31,2024-01-31,12,120,DGS10,1.55409718426391,VAR+Macro,3.99,-2.4359028157360902,2.4359028157360902,5.933622527711012
2023-02-28,2024-02-29,12,120,DGS10,3.80094513185709,AR,4.25,-0.44905486814290985,0.44905486814290985,0.20165027460284615
2023-02-28,2024-02-29,12,120,DGS10,3.92,Random Walk,4.25,-0.33000000000000007,0.33000000000000007,0.10890000000000005
2023-02-28,2024-02-29,12,120,DGS10,3.17431833128283,VAR,4.25,-1.07568166871717,1.07568166871717,1.1570910524141553
2023-02-28,2024-02-29,12,120,DGS10,2.62259132820338,VAR+Macro,4.25,-1.62740867179662,1.62740867179662,2.648458985038839
2023-03-31,2024-03-31,12,120,DGS10,3.4871641071094546,AR,4.2,-0.7128358928905456,0.7128358928905456,0.5081350101930614
2023-03-31,2024-03-31,12,120,DGS10,3.48,Random Walk,4.2,-0.7200000000000002,0.7200000000000002,0.5184000000000003
2023-03-31,2024-03-31,12,120,DGS10,2.0792692557011,VAR,4.2,-2.1207307442989003,2.1207307442989003,4.497498889814568
2023-03-31,2024-03-31,12,120,DGS10,1.44437660293336,VAR+Macro,4.2,-2.75562339706664,2.75562339706664,7.593460306461089
2023-04-30,2024-04-30,12,120,DGS10,3.498414447373957,AR,4.69,-1.1915855526260435,1.1915855526260435,1.4198761292271134
2023-04-30,2024-04-30,12,120,DGS10,3.44,Random Walk,4.69,-1.2500000000000004,1.2500000000000004,1.562500000000001
2023-04-30,2024-04-30,12,120,DGS10,1.96213512596067,VAR,4.69,-2.72786487403933,2.72786487403933,7.44124677101761
2023-04-30,2024-04-30,12,120,DGS10,1.53547509553392,VAR+Macro,4.69,-3.15452490446608,3.15452490446608,9.951027372896732
2023-05-31,2024-05-31,12,120,DGS10,3.6853551727735336,AR,4.51,-0.8246448272264661,0.8246448272264661,0.6800390910713682
2023-05-31,2024-05-31,12,120,DGS10,3.64,Random Walk,4.51,-0.8699999999999997,0.8699999999999997,0.7568999999999995
2023-05-31,2024-05-31,12,120,DGS10,2.43955014787575,VAR,4.51,-2.07044985212425,2.07044985212425,4.286762590161328
2023-05-31,2024-05-31,12,120,DGS10,1.90815695860228,VAR+Macro,4.51,-2.6018430413977196,2.6018430413977196,6.769587212069736
2023-06-30,2024-06-30,12,120,DGS10,3.783086662449424,AR,4.36,-0.5769133375505762,0.5769133375505762,0.332828999043745
2023-06-30,2024-06-30,12,120,DGS10,3.81,Random Walk,4.36,-0.5500000000000003,0.5500000000000003,0.30250000000000027
2023-06-30,2024-06-30,12,120,DGS10,3.41429741148266,VAR,4.36,-0.9457025885173405,0.9457025885173405,0.8943533859283982
2023-06-30,2024-06-30,12,120,DGS10,2.56435671011289,VAR+Macro,4.36,-1.7956432898871104,1.7956432898871104,3.2243348245166055
2023-07-31,2024-07-31,12,120,DGS10,3.856755026567275,AR,4.09,-0.23324497343272466,0.23324497343272466,0.05440321763163243
2023-07-31,2024-07-31,12,120,DGS10,3.97,Random Walk,4.09,-0.11999999999999966,0.11999999999999966,0.01439999999999992
2023-07-31,2024-07-31,12,120,DGS10,3.59458622720118,VAR,4.09,-0.4954137727988197,0.4954137727988197,0.24543480627876055
2023-07-31,2024-07-31,12,120,DGS10,2.74206643351058,VAR+Macro,4.09,-1.3479335664894196,1.3479335664894196,1.8169248996688867
2023-08-31,2024-08-31,12,120,DGS10,3.9286125262217295,AR,3.91,0.018612526221729375,0.018612526221729375,0.00034642613235456355
2023-08-31,2024-08-31,12,120,DGS10,4.09,Random Walk,3.91,0.17999999999999972,0.17999999999999972,0.0323999999999999
2023-08-31,2024-08-31,12,120,DGS10,3.80626015571796,VAR,3.91,-0.1037398442820403,0.1037398442820403,0.01076195529166197
2023-08-31,2024-08-31,12,120,DGS10,3.1183622207137,VAR+Macro,3.91,-0.7916377792863001,0.7916377792863001,0.6266903735933448
2023-09-30,2024-09-30,12,120,DGS10,4.2561583216261045,AR,3.81,0.44615832162610447,0.44615832162610447,0.19905724795622248
2023-09-30,2024-09-30,12,120,DGS10,4.59,Random Walk,3.81,0.7799999999999998,0.7799999999999998,0.6083999999999997
2023-09-30,2024-09-30,12,120,DGS10,4.60672469555785,VAR,3.81,0.7967246955578502,0.7967246955578502,0.6347702405117491
2023-09-30,2024-09-30,12,120,DGS10,3.95798266347213,VAR+Macro,3.81,0.14798266347212996,0.14798266347212996,0.021898868688305668
2023-10-31,2024-10-31,12,120,DGS10,4.5065281937219375,AR,4.28,0.22652819372193722,0.22652819372193722,0.05131502255092352
2023-10-31,2024-10-31,12,120,DGS10,4.88,Random Walk,4.28,0.5999999999999996,0.5999999999999996,0.3599999999999996
2023-10-31,2024-10-31,12,120,DGS10,5.02632672281254,VAR,4.28,0.7463267228125394,0.7463267228125394,0.5570035771841051
2023-10-31,2024-10-31,12,120,DGS10,4.37378180515294,VAR+Macro,4.28,0.09378180515293977,0.09378180515293977,0.00879502697774396
2023-11-30,2024-11-30,12,120,DGS10,4.077007452776669,AR,4.18,-0.10299254722333107,0.10299254722333107,0.01060746478355008
2023-11-30,2024-11-30,12,120,DGS10,4.37,Random Walk,4.18,0.1900000000000004,0.1900000000000004,0.036100000000000146
2023-11-30,2024-11-30,12,120,DGS10,4.1595559862696,VAR,4.18,-0.02044401373039939,0.02044401373039939,0.00041795769740875883
2023-11-30,2024-11-30,12,120,DGS10,3.53174985727156,VAR+Macro,4.18,-0.6482501427284397,0.6482501427284397,0.4202282475474425
2023-12-31,2024-12-31,12,120,DGS10,3.7221282823035216,AR,4.58,-0.8578717176964785,0.8578717176964785,0.7359438840235065
2023-12-31,2024-12-31,12,120,DGS10,3.88,Random Walk,4.58,-0.7000000000000002,0.7000000000000002,0.49000000000000027
2023-12-31,2024-12-31,12,120,DGS10,3.37221587348662,VAR,4.58,-1.20778412651338,1.20778412651338,1.4587424962576883
2023-12-31,2024-12-31,12,120,DGS10,2.82824673725421,VAR+Macro,4.58,-1.75175326274579,1.75175326274579,3.0686394935405206
2024-01-31,2025-01-31,12,120,DGS10,3.798797433329004,AR,4.58,-0.7812025666709959,0.7812025666709959,0.6102774501733518
2024-01-31,2025-01-31,12,120,DGS10,3.99,Random Walk,4.58,-0.5899999999999999,0.5899999999999999,0.34809999999999985
2024-01-31,2025-01-31,12,120,DGS10,3.54399933701313,VAR,4.58,-1.0360006629868699,1.0360006629868699,1.073297373709234
2024-01-31,2025-01-31,12,120,DGS10,3.00738589733196,VAR+Macro,4.58,-1.57261410266804,1.57261410266804,2.473115115910405
2024-02-29,2025-02-28,12,120,DGS10,3.970139482657036,AR,4.24,-0.269860517342964,0.269860517342964,0.07282469882061218
2024-02-29,2025-02-28,12,120,DGS10,4.25,Random Walk,4.24,0.009999999999999787,0.009999999999999787,9.999999999999574e-05
2024-02-29,2025-02-28,12,120,DGS10,4.07366280959921,VAR,4.24,-0.16633719040079065,0.16633719040079065,0.02766806091042888
2024-02-29,2025-02-28,12,120,DGS10,3.56627993182587,VAR+Macro,4.24,-0.6737200681741302,0.6737200681741302,0.45389873026055466
2024-03-31,2025-03-31,12,120,DGS10,3.9407565472798014,AR,4.23,-0.289243452720199,0.289243452720199,0.08366177494150201
2024-03-31,2025-03-31,12,120,DGS10,4.2,Random Walk,4.23,-0.03000000000000025,0.03000000000000025,0.0009000000000000149
2024-03-31,2025-03-31,12,120,DGS10,4.00817344039979,VAR,4.23,-0.2218265596002107,0.2218265596002107,0.04920702254406583
2024-03-31,2025-03-31,12,120,DGS10,3.60623820931067,VAR+Macro,4.23,-0.6237617906893305,0.6237617906893305,0.3890787715239601
2024-04-30,2025-04-30,12,120,DGS10,4.289495413341231,AR,4.17,0.11949541334123115,0.11949541334123115,0.014279153809591683
2024-04-30,2025-04-30,12,120,DGS10,4.69,Random Walk,4.17,0.5200000000000005,0.5200000000000005,0.2704000000000005
2024-04-30,2025-04-30,12,120,DGS10,4.73863817987483,VAR,4.17,0.5686381798748297,0.5686381798748297,0.3233493796113591
2024-04-30,2025-04-30,12,120,DGS10,4.29323940546746,VAR+Macro,4.17,0.12323940546746037,0.12323940546746037,0.015187951059973101
2024-05-31,2025-05-31,12,120,DGS10,4.162628852314233,AR,4.41,-0.24737114768576696,0.24737114768576696,0.061192484707373526
2024-05-31,2025-05-31,12,120,DGS10,4.51,Random Walk,4.41,0.09999999999999964,0.09999999999999964,0.009999999999999929
2024-05-31,2025-05-31,12,120,DGS10,4.48677510932152,VAR,4.41,0.07677510932151943,0.07677510932151943,0.00589441741133126
2024-05-31,2025-05-31,12,120,DGS10,4.06764242772811,VAR+Macro,4.41,-0.3423575722718901,0.3423575722718901,0.11720870729190247
2024-06-30,2025-06-30,12,120,DGS10,4.054441442271029,AR,4.24,-0.1855585577289709,0.1855585577289709,0.034431978346455824
2024-06-30,2025-06-30,12,120,DGS10,4.36,Random Walk,4.24,0.1200000000000001,0.1200000000000001,0.014400000000000026
2024-06-30,2025-06-30,12,120,DGS10,4.26001856150437,VAR,4.24,0.020018561504369536,0.020018561504369536,0.00040074280470422594
2024-06-30,2025-06-30,12,120,DGS10,3.83915717973402,VAR+Macro,4.24,-0.4008428202659804,0.4008428202659804,0.16067496655878505
2024-07-31,2025-07-31,12,120,DGS10,3.8783669532154192,AR,4.37,-0.49163304678458086,0.49163304678458086,0.24170305269068987
2024-07-31,2025-07-31,12,120,DGS10,4.09,Random Walk,4.37,-0.28000000000000025,0.28000000000000025,0.07840000000000014
2024-07-31,2025-07-31,12,120,DGS10,3.83440188519059,VAR,4.37,-0.5355981148094102,0.5355981148094102,0.28686534058739416
2024-07-31,2025-07-31,12,120,DGS10,3.45059287310532,VAR+Macro,4.37,-0.9194071268946802,0.9194071268946802,0.8453094649847306
2024-08-31,2025-08-31,12,120,DGS10,3.7344876892832666,AR,4.23,-0.49551231071673385,0.49551231071673385,0.245532450071837
2024-08-31,2025-08-31,12,120,DGS10,3.91,Random Walk,4.23,-0.3200000000000003,0.3200000000000003,0.10240000000000019
2024-08-31,2025-08-31,12,120,DGS10,3.5491308977198,VAR,4.23,-0.6808691022802003,0.6808691022802003,0.4635827344398458
2024-08-31,2025-08-31,12,120,DGS10,3.08803375598842,VAR+Macro,4.23,-1.1419662440115803,1.1419662440115803,1.3040869024619162
2024-09-30,2025-09-30,12,120,DGS10,3.629621889960197,AR,4.16,-0.5303781100398033,0.5303781100398033,0.2813009396093937
2024-09-30,2025-09-30,12,120,DGS10,3.81,Random Walk,4.16,-0.3500000000000001,0.3500000000000001,0.12250000000000007
2024-09-30,2025-09-30,12,120,DGS10,3.47596976091128,VAR,4.16,-0.6840302390887203,0.6840302390887203,0.4678973679877719
2024-09-30,2025-09-30,12,120,DGS10,3.0564023221987,VAR+Macro,4.16,-1.1035976778013001,1.1035976778013001,1.2179278344484223
2024-10-31,2025-10-31,12,120,DGS10,3.9420028676696206,AR,4.11,-0.16799713233037972,0.16799713233037972,0.028223036471231113
2024-10-31,2025-10-31,12,120,DGS10,4.28,Random Walk,4.11,0.16999999999999993,0.16999999999999993,0.028899999999999974
2024-10-31,2025-10-31,12,120,DGS10,4.09090799835891,VAR,4.11,-0.019092001641090484,0.019092001641090484,0.0003645045266634017
2024-10-31,2025-10-31,12,120,DGS10,3.68806342973029,VAR+Macro,4.11,-0.4219365702697102,0.4219365702697102,0.1780304693309661
2024-11-30,2025-11-30,12,120,DGS10,3.861232067835119,AR,4.02,-0.1587679321648805,0.1587679321648805,0.025207256283912096
2024-11-30,2025-11-30,12,120,DGS10,4.18,Random Walk,4.02,0.16000000000000014,0.16000000000000014,0.025600000000000046
2024-11-30,2025-11-30,12,120,DGS10,4.02369599895625,VAR,4.02,0.0036959989562506124,0.0036959989562506124,1.3660408284605616e-05
2024-11-30,2025-11-30,12,120,DGS10,3.70680761736188,VAR+Macro,4.02,-0.31319238263811977,0.31319238263811977,0.09808946854254243
2024-12-31,2025-12-31,12,120,DGS10,4.1599807564906826,AR,4.18,-0.020019243509317164,0.020019243509317164,0.0004007701106853374
2024-12-31,2025-12-31,12,120,DGS10,4.58,Random Walk,4.18,0.40000000000000036,0.40000000000000036,0.16000000000000028
2024-12-31,2025-12-31,12,120,DGS10,4.3736585655676,VAR,4.18,0.19365856556759997,0.19365856556759997,0.037503640017700415
2024-12-31,2025-12-31,12,120,DGS10,4.12309791059185,VAR+Macro,4.18,-0.05690208940814934,0.05690208940814934,0.003237847779013021
